,Unnamed: 0,ID,shopName,shopAddress,shopPhone,shopHours,shopPhoto,shopType
0,0,0,千手千眼觀世音菩薩聖像,新北市淡水區頂田寮路1000號,02-2626-9242,週六、日10：00∼16：00（週一至五休）,"f574bd44.jpg 
 e64a849e.jpg 
 9919115b.jpg 
 7d0e4c07.jpg 
 9707511f.jpg",1
1,1,1,康誥坑溪櫻花大道,新北市汐止區水源路一段246號,02-2626-9242,24小時開放,"dec31151.jpg 
 b5f98981.jpg 
 8a995581.jpg 
 6689cdbe.jpg 
 26c85552.jpg",1
2,2,2,玩聚窩玩具銀行,新北市板橋區,0966-715-322,週三、六、日09：00∼12：00、14：00∼17：00（週一及國定假日休，週二、四、五僅供團體預約使用）,"c6a8acc0.jpg 
 c31ed92f.jpg 
 78f15969.jpg 
 ebc0f7f2.jpg 
 8ffd4943.jpg",1
3,3,3,烏來龍門精緻溫泉民宿,新北市烏來區溫泉街116號,02-2661-8187,周一至日09：00∼00：00,"06277711.jpg 
 3268c72b.jpg 
 e63335bc.jpg 
 e6ce3191.jpg 
 594f4a64.jpg",1
4,4,4,世界宗教博物館,新北市永和區中山路一段236號7樓,02-8231-6118,週二至日10：00∼17：00（週一休）,"3ab77b87.jpg 
 363bf8d1.jpg 
 d6b6bd5b.jpg 
 f1032235.jpg 
 6c747eb1.jpg",1
5,5,5,楓樹河濱公園,新北市泰山區明志路一段19巷5弄,02-8231-6118,24小時開放,"f1a6c92e.jpg 
 eef3c189.jpg 
 4b53816d.jpg 
 1070d42b.jpg 
 a704944c.jpg",1
6,6,6,益品書屋（淡水館）,新北市淡水區中正路一段100號,02-2397-2998,週一至日10：30∼18：00（除夕休）,"522e408e.jpg 
 cd43d3d3.jpg 
 48e01d32.jpg 
 12a1124e.jpg 
 caa5c018.jpg",1
7,7,7,五分山步道,新北市平溪區頂寮子5號,02-2397-2998,24小時開放,"a465b589.jpg 
 0b76f8e3.jpg 
 f0a257cf.jpg 
 570b0f59.jpg 
 4178acef.jpg",1
8,8,8,三角埔頂山（羌子寮山）,新北市樹林區頂山,02-2397-2998,24小時開放,"8bfef804.jpg 
 80a7f82b.jpg 
 ef83f67d.jpg 
 5c748c2b.jpg 
 679c5d9b.jpg",1
9,9,9,古鐘樓公園,新北市鶯歌區文化路325巷,02-2678-0202,24小時開放,"99c307b2.jpg 
 e14610d8.jpg 
 5a9cf7a1.jpg 
 5d714612.jpg 
 063ceec9.jpg",1
10,10,10,夥房,新北市鶯歌區中正二路78號,0930-665-230,週六12：30∼17：00（週一至日休，採預約制）,"2152756c.jpg 
 526dc2a3.jpg 
 1d0aa534.jpg 
 1342f381.jpg 
 bef03cff.jpg",1
11,11,11,釉藥堂,新北市鶯歌區永昌街58號,02-2901-6826,週三、四09：30∼17：30（週一、二、五至日休）,"ae2dd56b.jpg 
 ef25c550.jpg 
 801bf9a2.jpg 
 b8051f7a.jpg 
 015c7b58.jpg",1
12,12,12,三峽安溪路河堤步道,新北市三峽區中華路48巷18號（三峽河右岸）,02-2901-6826,24小時開放,"b69d517c.jpg 
 4112c7b4.jpg 
 3d0c1f10.jpg 
 896d7fe0.jpg 
 09f04b1d.jpg",1
13,13,13,皇帝殿登山步道,新北市石碇區皇帝殿登山步道,02-2901-6826,24小時開放,"8a99d7e6.jpg 
 c95454ef.jpg 
 f4bbb3b6.jpg 
 eaf9b0ca.jpg 
 444049d8.jpg",1
14,14,14,集順廟,新北市深坑區深坑街135號（石碇國小前）,02-2901-6826,週一至日06：00∼21：00,"2cba30bc.jpg 
 e4fdda8d.jpg 
 a42263cd.jpg 
 6bb1a3fe.jpg 
 93354a2a.jpg",1
15,15,15,淡蘭古道石碇段外按古道,新北市石碇區淡蘭吊橋（雙溪口）與石碇老街之間,02-2901-6826,24小時開放,"f8244f6c.jpg 
 15f865b1.jpg 
 87184fbf.jpg 
 3bb1c7c7.jpg 
 94ea8bcc.jpg",1
16,16,16,土虱頭觀景臺,新北市石碇區塗潭巷2-3號,0922-803-071,週六、日10：00∼16：00（週一至五休）,"9bb11c87.jpg 
 b9f417ae.jpg 
 667b992d.jpg 
 8bb4d902.jpg 
 e5b7912f.jpg",1
17,17,17,朱銘美術館Juming Museum,新北市金山區西勢湖2號,02-2498-8529,週二至日10：00∼17：00（週一休）,"a0c455ff.jpg 
 faaf46a2.jpg 
 fe3fdf2a.jpg 
 f3e43c21.jpg 
 ca6397b6.jpg",1
18,18,18,新北市立十三行博物館,新北市八里區博物館路200號,02-2619-1313,週一至五09：30∼17：00／週六、日09：30∼18：00 （每月第一個週一、除夕、大年初一休）,"60b16331.jpg 
 abc5831a.jpg 
 581d77fd.jpg 
 48249882.jpg 
 9295f504.jpg",1
19,19,19,新北市立淡水古蹟博物館,新北市淡水區中正路一段6巷32-2號,02-2621-2830,週一至五09：30∼17：00／週六、日09：30∼18：00,"cfbf07c6.jpg 
 7d4fbce2.jpg 
 477c0b8c.jpg 
 fc76cc6d.jpg 
 240e7d54.jpg",1
20,20,20,朝宗公園,新北市五股區外寮路上（中華民國憲兵特勤隊旁）,02-2621-2830,週一至日06：00∼18：00,"0ebd0e13.jpg 
 25d6e93d.jpg 
 3226ed0b.jpg 
 747c5100.jpg 
 9c9f5547.jpg",1
21,21,21,五股水碓觀景公園,新北市五股區水碓九路69號,02-2955-0808,24小時開放,"57a9d4e3.jpg 
 4aa81ed6.jpg 
 cac46d78.jpg 
 1d4958fa.jpg 
 1e82ca5e.jpg",1
22,22,22,福隆山登山步道,新北市五股區凌雲路三段,02-2292-8888,24小時開放,"d7e310ff.jpg 
 7ba2466c.jpg 
 90dc8139.jpg 
 d8c0caa4.jpg 
 d1cb3cae.jpg",1
23,23,23,五股獅子頭山水匯集廣場,新北市五股區成泰路4段22巷（進入巷子後行經一小段窄路即可到達）,02-2292-8888,24小時開放,"75a01052.jpg 
 63036244.jpg 
 870b8c00.jpg 
 f7cdd33f.jpg 
 f6258c11.jpg",1
24,24,24,茶山步道,新北市石門區草埔尾,02-2638-1724,24小時開放,"5b842325.jpg 
 e313ff0d.jpg 
 d90f7050.jpg 
 81295cf7.jpg 
 1bcf5acd.jpg",1
25,25,25,台灣山豬城,新北市林口區大水湳路160號,02-2606-1117,週一至日11：00∼15：30、16：30∼21：00,"4856d21e.jpg 
 e6a30adc.jpg 
 5a9155d0.jpg 
 fa9badaf.jpg 
 bb93d9c2.jpg",1
26,26,26,老公崎步道,新北市林口區仁愛路1段211巷底,02-2606-1117,24小時開放,"b520ad4d.jpg 
 02e79876.jpg 
 7cd11c95.jpg 
 65d48e4e.jpg 
 fc60ed5a.jpg",1
27,27,27,新寮休閒步道,新北市林口區仁愛路一段285巷,02-2606-1117,24小時開放,"11997a80.jpg 
 4231340a.jpg 
 2fa880b5.jpg 
 5784d6d4.jpg 
 0feff092.jpg",1
28,28,28,紅樹林生態步道,新北市淡水區捷運紅樹林站１號出口旁,02-2960-3456,24小時開放,"41827cef.jpg 
 e6526900.jpg 
 c9d7ae1b.jpg 
 dfed34dd.jpg 
 64f0663c.jpg",1
29,29,29,內洞國家森林遊樂區,新北市烏來區信賢里娃娃谷46號,02-2661-7358,週一至五08：00∼17：00／週六、日07：00∼17：00,"96794d54.jpg 
 98e84fd6.jpg 
 dff3654c.jpg 
 d0026316.jpg 
 72d84032.jpg",1
30,30,30,淺沐道休閒農莊,新北市萬里區達天19-1號,02-2492-9059,週一至日10：00∼17：00（週二休）,"89f4daa1.jpg 
 804883ad.jpg 
 a3d5c08d.jpg 
 dae645f5.jpg 
 4f5176e6.jpg",1
31,31,31,鶯歌陶瓷博物館水廣場,新北市鶯歌區文化路200號（鶯歌陶瓷博物館內）,02-8677-2727,週三至五09：30∼17：00／週六、日09：30∼18：00（週一、二休）,"8ca0cdee.jpg 
 547ca999.jpg 
 4737db28.jpg 
 5c78cc3d.jpg 
 bb493dd0.jpg",1
32,32,32,塭仔底溼地公園,新北市中華路三段與昌和街交叉口（昌平國小旁）,02-2960-3456,24小時開放,"3649778c.jpg 
 326ff518.jpg 
 029f97b5.jpg 
 2337a1cc.jpg 
 5a929d1b.jpg",1
33,33,33,鳳祥公園,新北市鶯歌區鶯桃路413巷,02-2678-0202,24小時開放,"67c7aa91.jpg 
 4e06e5c6.jpg 
 1f118c23.jpg 
 9fa3bb86.jpg 
 b71ad1da.jpg",1
34,34,34,三民公園,新北市蘆洲區三民路611號,02-2281-1484#233,24小時開放,"8afc9ce7.jpg 
 deeac29d.jpg 
 05bb24d3.jpg 
 aaf23945.jpg 
 a394a8ca.jpg",1
35,35,35,安和景觀公園,新北市新店區安民街250號後方,02-2911-2281,24小時開放,"dc3f3370.jpg 
 12a08f12.jpg 
 2996af95.jpg 
 8ce487a4.jpg 
 0d88493f.jpg",1
36,36,36,林口社區運動公園（小熊公園）,新北市林口區仁愛路一段43號,02-2911-2281,24小時開放,"19a4bc63.jpg 
 83a80646.jpg 
 9957ba47.jpg 
 24cc69c0.jpg 
 5d029cec.jpg",1
37,37,37,錦和運動公園,新北市中和區錦和路350-1號,02-2248-2688#411,24小時開放,"e1374e70.jpg 
 0cfad408.jpg 
 a4ab3fae.jpg 
 029768d0.jpg 
 2da47a2d.jpg",1
38,38,38,員山公園－遊逸之丘,新北市中和區員山路455巷,02-2960-3456,24小時開放,"dc44ca5c.jpg 
 624cf7d4.jpg 
 062a181a.jpg 
 e9d7504f.jpg 
 0bab50ab.jpg",1
39,39,39,頭前運動公園,新北市新莊區頭前路123號,02-2922-9891#409,24小時開放,"053d7528.jpg 
 893146d7.jpg 
 32a3178a.jpg 
 bcd23801.jpg 
 7ff4a58e.jpg",1
40,40,40,淡水公23公園,新北市淡水區中山北路二段381巷2號旁,02-2622-1020#7511,24小時開放,"a1db30d4.jpg 
 c7658fd5.jpg 
 de755f01.jpg 
 b1a2f298.jpg 
 955ca7f0.jpg",1
41,41,41,觀音台步道,新北市坪林區坪林101號,02-2665-7251,24小時開放,"a61abd51.jpg 
 14066661.jpg 
 b3b82dac.jpg 
 2bfcb2f9.jpg 
 35ab8635.jpg",1
42,42,42,新北市坪林茶業博物館,新北市坪林區水聳淒坑19-1號,02-2665-6035,週一至五09：00∼17：00／週六、日 09：00∼17：30（每月第一個週一休，若適逢國定假日則照常開放，隔日休館）,"96aff867.jpg 
 4e02b334.jpg 
 d121300f.jpg 
 c43b0922.jpg 
 fab897d8.jpg",1
43,43,43,雙溪清水坑,新北市雙溪區台２丙線（雙柑公路）16公里處,02-2665-6035,24小時開放,"302d480a.jpg 
 536fff23.jpg 
 4c51f2ea.jpg 
 0be40d98.jpg 
 4a1d423b.jpg",1
44,44,44,虎豹潭,新北市雙溪區雙泰產業道路,02-2493-1111,24小時開放,"43dddbb6.jpg 
 b5e1d10a.jpg 
 43749870.jpg 
 016b637c.jpg 
 01b5e837.jpg",1
45,45,45,雙溪平林休閒農場,新北市雙溪區外平林35號,02-2493-4016,週一至日09：00∼17：00,"5ff6c8e4.jpg 
 6d3bbfdf.jpg 
 a229aaff.jpg 
 64411bf1.jpg 
 e964c25f.jpg",1
46,46,46,雙溪荷花園,新北市雙溪區雙柑公路111號,02-2493-1111,24小時開放,"bd4e85a2.jpg 
 abc61c7c.jpg 
 e28602ca.jpg 
 c02c5513.jpg 
 fcb73c08.jpg",1
47,47,47,東和戲院遺址,新北市雙溪區東榮街1巷1號,02-2493-1111,24小時開放,"e09340cf.jpg 
 53d16357.jpg 
 eaf1bfa4.jpg 
 9c6b86a1.jpg 
 206dbff6.jpg",1
48,48,48,不厭亭,新北市雙溪區瑞雙公路,02-2960-3456,24小時開放,"15b9de56.jpg 
 ce071e42.jpg 
 3e291714.jpg 
 3619f4d2.jpg 
 fee81605.jpg",1
49,49,49,星光橋,新北市汐止區鄉長路一段,02-2960-3456,24小時開放,"d6deb66f.jpg 
 42774805.jpg 
 df44de2f.jpg 
 9d304e55.jpg",1
50,50,50,新山夢湖,新北市汐止區夢湖路,0935-263-218,週一至日09：00∼18：30,"ef4e5f6c.jpg 
 98cd040b.jpg 
 d6f5e60e.jpg 
 74e2e84d.jpg 
 800fcbcb.jpg",1
51,51,51,五堵台鐵舊隧道自行車道,新北市汐止區長安里長安路17號,0935-263-218,24小時開放,"bda908ca.jpg 
 4b449c97.jpg 
 9a9dcdf8.jpg 
 ba8b50ab.jpg 
 46f9b614.jpg",1
52,52,52,大尖山登山步道,新北市汐止區勤進路大尖山登山步道,0935-263-218,24小時開放,"b5022547.jpg 
 d748124c.jpg 
 45a3a095.jpg 
 6c50d17c.jpg 
 93109fb5.jpg",1
53,53,53,星際遊戲場,新北市汐止區長江街180號,02-2960-3456,24小時開放,"cb718c56.jpg 
 579c7da6.jpg 
 afe6639d.jpg 
 541dadec.jpg 
 5fc06d32.jpg",1
54,54,54,聖德宮,新北市汐止區勤進路193號,02-2641-9933,週一至日凌晨05：00∼18：00,"66b350ed.jpg 
 7327a721.jpg 
 a188126b.jpg 
 1012e726.jpg 
 414c1a80.jpg",1
55,55,55,潭底公園,新北市樹林區保安街1段289巷10號,02-2641-9933,24小時開放,"c49d6125.jpg 
 3d509378.jpg 
 b3b7792b.jpg 
 de07007b.jpg 
 329826f2.jpg",1
56,56,56,草花植生公園,新北市樹林區桃子腳路側（萬坪公園旁）,02-2641-9933,24小時開放,"bccda868.jpg 
 e2ff2754.jpg 
 65b00019.jpg 
 7c913f0b.jpg 
 52d5ee65.jpg",1
57,57,57,山佳鐵道地景公園,新北市樹林區山佳街3號,02-2681-2106,無資料,"b137f74c.jpg 
 d88dd5d7.jpg 
 ec8ca959.jpg 
 92976c3e.jpg 
 6f0e9f6c.jpg",1
58,58,58,東昇公園,新北市樹林區復興路395號,02-2681-2106,24小時開放,"e22daba6.jpg 
 16e2f4fc.jpg 
 6e8fe392.jpg 
 47fd9d70.jpg 
 780df82a.jpg",1
59,59,59,新北市美術館,新北市鶯歌區館前路300號,02-2679-6088,週二至日10：00∼17：00（週一休）,"8c8e1e10.jpg 
 5933e6a2.jpg 
 05fb873b.jpg 
 96032bed.jpg 
 8c44e5bd.jpg",1
60,60,60,蝴蝶公園地景花海,新北市板橋區環河西路四段18號,02-2679-6088,週一至日09：00∼22：00,"e29e4219.jpg 
 b29bb060.jpg 
 b55a4f1c.jpg 
 842733ac.jpg 
 15b38087.jpg",1
61,61,61,新店文山農場,新北市新店區湖子內路100號,02-2666-7512,週一至日09：00∼17：00,"01544f82.jpg 
 3fb6601e.jpg 
 1ef30b42.jpg 
 ef659d3d.jpg 
 172f7562.jpg",1
62,62,62,滬尾小學校禮堂,新北市淡水區建設街1巷7號,02-2960-3456,無資料,"f75079f8.jpg 
 534903ce.jpg 
 8f37436c.jpg",1
63,63,63,貝兒絲樂園-菲舞南洋主題館,新北市新莊區民安路188巷5號8樓（鴻金寶麻吉廣場內）,02-8201-0228,週一至日11：00∼19：00,"f789e366.jpg 
 3c6bfea1.jpg 
 328ccaee.jpg 
 3a71c682.jpg 
 3a5c81c2.jpg",1
64,64,64,昇平戲院,新北市瑞芳區輕便路137號,02-2496-9926,週二至五09：30∼17：00／週六、日09：30∼18：00（週一休）,"a2c745d1.jpg 
 9ef3fc9d.jpg 
 c895a086.jpg 
 11aed42e.jpg 
 85b3aef1.jpg",1
65,65,65,阿妹茶樓,新北市瑞芳區市下巷20號,02-2496-0833,週一至日09：30∼21：30,"25d65756.jpg 
 60b64578.jpg 
 d50b10cc.jpg 
 a48b2b23.jpg 
 8c2930d8.jpg",1
66,66,66,大同山木棧道,新北市樹林區大同山,02-2681-2106,24小時開放,"7f69d750.jpg 
 3d448d6d.jpg 
 aa9e63b8.jpg 
 c936bee6.jpg 
 a5e1e0ad.jpg",1
67,67,67,新北鴨鴨公園,新北市三重區環河南路299號,02-2681-2106,24小時開放,"33e7f41b.jpg 
 9ea8e03a.jpg 
 455e1620.jpg 
 cfc02e58.jpg 
 509d0da8.jpg",1
68,68,68,六寮崙山,新北市三峽區六寮崙山,02-2681-2106,24小時開放,"4b7fada0.jpg 
 592a10c0.jpg 
 ca1d8d55.jpg 
 fcc8507f.jpg 
 a6aa8192.jpg",1
69,69,69,經濟部水利署水工大樓,新北市新店區安和路三段76號,02-3151-2412,週一至五09：30∼11：30、14：00∼16：00（週六、日及國定假日休，須預約導覽參訪）,"8ea94606.jpg 
 91708e78.jpg 
 1fc4d203.jpg 
 e177f0e0.jpg 
 9875a204.jpg",1
70,70,70,陳逢顯毫芒雕刻館,新北市新店區安康路一段207巷17號,02-2212-5794,週日10：00∼17：00（週一至六僅接受團體預約）,"939b10c6.jpg 
 e19bede0.jpg 
 9879827d.jpg 
 238ee691.jpg 
 1473a055.jpg",1
71,71,71,新月廣場,新北市新莊區新月橋新莊端引道旁高灘地上,02-8969-9596,24小時開放,"aecf98d5.jpg 
 5a24ee61.jpg 
 3fd1135b.jpg",1
72,72,72,維納斯海岸,新北市萬里區（龜吼漁港附近）,02-8969-9596,24小時開放,"9a248425.jpg 
 50f2bbbb.jpg 
 4bc8a2d2.jpg",1
73,73,73,龜吼海灘,新北市萬里區漁澳路85-5號,02-2492-3815,24小時開放,"415130e9.png 
 fba81b1c.png 
 88c73a8c.png",1
74,74,74,駱駝峰,新北市萬里區（野柳九孔池旁）,02-2492-3815,24小時開放,"1dde45c7.jpg 
 70a60715.jpg 
 bcacf2bb.jpg",1
75,75,75,鏡湖,新北市萬里區,02-2492-3815,24小時開放,"a32bd5ba.png 
 7a43595a.png 
 22c56876.png",1
76,76,76,鴛鴦谷烤肉區,新北市三峽區有木里130-1號,0920-085-822,週一至日06：00開放入園,"df286323.jpg 
 4a0d079a.jpg 
 b6a8edf9.jpg",1
77,77,77,新莊水源地公園,新北市新莊區壽山路127號,0920-085-822,24小時開放,ccf9357b.jpg,1
78,78,78,林口樂活公園,新北市林口區文化一路一段20號（崇林國中旁）,02-2603-3111,24小時開放,"48a2c49e.jpg 
 f1237ebc.jpg 
 06d656b3.jpg 
 66f87b4d.jpg 
 a2ec735d.jpg",1
79,79,79,福隆海水浴場,新北市貢寮區福隆街40號,02-2499-1188#7357,週一至五08：00∼18：00／週六、日08：00∼18：30,"38c52c98.jpg 
 e426776d.jpg 
 c84a4f44.jpg",1
80,80,80,林梢步道,新北市五股區凌雲路三段130號（觀音山遊客中心）,02-2292-8888,24小時開放,"3621ebfa.jpg 
 8223a428.jpg 
 65d16e39.jpg 
 b58b5ff7.jpg 
 5366455c.jpg",1
81,81,81,海湧工作室Hiin studio,新北市新莊區建福路59巷34號1樓（工作室）,0971-618-078,無固定營業時間，採預約制,"8a0fc967.jpg 
 70d3806c.jpg",1
82,82,82,八里左岸公園,新北市八里區觀海大道36號,0971-618-078,24小時開放,"8d1bdc9c.jpg 
 e7680a27.jpg 
 dbc6a25e.jpg 
 c6486e96.jpg 
 68e65fef.jpg",1
83,83,83,浪極光surfingcity室內衝浪,新北市板橋區華江三路211號,02-6637-1211,週一至日10：40∼20：30（採預約制）,"2890a9fb.jpg 
 218bbc88.jpg 
 6601720e.jpg",1
84,84,84,桶後林道阿玉溪,新北市烏來區,02-6637-1211,24小時開放,"fe3fa743.jpg 
 a5ad3d5d.jpg 
 d75d737d.jpg",1
85,85,85,茄苳瀑布,新北市汐止區,02-6637-1211,24小時開放,"fe16826e.jpg 
 137e43b5.jpg 
 f288f11d.jpg",1
86,86,86,柯子林游泳池,新北市汐止區,02-6637-1211,24小時開放,"6ad0c15e.jpg 
 e16c5dfd.jpg 
 6edea275.jpg",1
87,87,87,東眼橋親水空間,新北市三峽區東眼橋下,02-6637-1211,24小時開放,5ec3337d.jpg,1
88,88,88,水湳洞選煉廠遺址,新北市瑞芳區水南洞段20-25、22-1、22-3、180地號,02-2497-2250,24小時開放,"d213cb47.jpg 
 fca7a436.jpg 
 3aff6683.jpg 
 d803f572.jpg 
 43659b99.jpg",1
89,89,89,山佳荷花池,新北市樹林區山佳荷花池,02-2497-2250,24小時開放,"8820c901.jpg 
 5ed3488a.jpg 
 b083afc3.jpg 
 50b56d6f.jpg 
 039bac48.jpg",1
90,90,90,淡水金色水岸,新北市淡水區環河道路,02-2960-3456,24小時開放,"40b1cd72.jpg 
 659957ad.jpg 
 56febb44.jpg 
 87991c5d.jpg 
 4ba3dc97.jpg",1
91,91,91,星巴克（福隆觀海門市）,新北市貢寮區福隆街41號,02-2499-2320,週一至五09：30∼19：00／週六、日09：00∼20：00（依門市公告為主）,22a91f52.jpg,1
92,92,92,桃樂絲柚香農場,新北市八里區荖阡坑路34-5號,02-8630-3356,週一至五10：00∼18：00／週六、日10：00∼20：00（週二、三休）,"28d11402.jpg 
 d8d8ea42.jpg 
 b2e6901d.jpg 
 4a43c20a.jpg 
 e843bea8.jpg",1
93,93,93,老梅迷宮,新北市石門區楓林路27號,02-8635-5100,24小時開放,"056e0f17.jpg 
 6dac8ef9.jpg 
 59e9233a.jpg 
 376dd76f.jpg 
 76f881b7.jpg",1
94,94,94,石門洞,新北市石門區中央路石門洞,02-8635-5100,24小時開放,"d42309c4.jpg 
 ddc6e1ba.jpg 
 a618bbcd.jpg 
 30de5d63.jpg 
 cde0dffa.jpg",1
95,95,95,水豚騎士,新北市土城區員林街61巷2弄18號,02-8261-2815,週一至日10：00∼17：30,0b0ececc.jpg,1
96,96,96,板橋浮洲遊戲場,新北市板橋區大觀路二段174巷,02-8261-2815,24小時開放,"1db8f2d5.jpg 
 5cd9b3b4.jpg 
 cd37a28a.jpg 
 efcb08d1.jpg 
 8f64dc73.jpg",1
97,97,97,車子路荷花池,新北市新店區車子路121-1號路口,02-8261-2815,24小時開放,"0b7a030e.jpg 
 3711a38d.jpg 
 d8d639f8.jpg",1
98,98,98,Global Mall林口A9,新北市林口區文化三路一段2號（機場捷運A9站）,02-2606-9668,11：00∼22：00（依各店家公告為主）,"4a391502.jpg 
 346fad36.jpg",1
99,99,99,南子吝步道,新北市瑞芳區南雅里聚落旁,02-2499-1115,24小時開放,"7297cedd.jpg 
 4132ae5a.jpg 
 43d1bc4c.jpg 
 0b8090ac.jpg 
 be021fd9.jpg",1
100,100,100,樹梅景觀台,新北市瑞芳區樹梅景觀台,02-2499-1115,24小時開放,5eaffd28.jpg,1
101,101,101,新北大都會公園,新北市三重區疏洪東路一段,02-8969-9596,24小時開放（每月第２、４週二休）,"ac4139dd.jpg 
 12476e50.jpg 
 b2a05228.jpg 
 3c2de876.jpg 
 4b033fd0.jpg",1
102,102,102,三峽中山公園,新北市三峽區中山路79號,02-8969-9596,24小時開放,"e2d11334.jpg 
 6f7c9291.jpg 
 bce9f8c9.jpg 
 f73e6b98.jpg 
 fa7e758e.jpg",1
103,103,103,鶯歌逗逗龍公園,新北市鶯歌區龍五路及鳳五路口,02-2678-0202,24小時開放,"f991f1cd.jpg 
 7a27d1b9.jpg 
 1ab8af7c.jpg",1
104,104,104,碧潭吊橋,新北市新店區碧潭吊橋,02-2918-8509,24小時開放,"839e7a02.jpg 
 9881da5f.jpg 
 3ea98a9e.jpg 
 cb65032a.jpg 
 dd884108.jpg",1
105,105,105,淡水漁人碼頭情人橋,新北市淡水區觀海路199號,02-2805-8476,24小時開放,"08392533.jpg 
 0aa5e45b.jpg 
 54c316ef.jpg 
 ecfa71ac.jpg 
 1a8902c3.jpg",1
106,106,106,淡水無極天元宮,新北市淡水區北新路三段36號,02-2621-2759,週一至日09：00∼17：00,"1e973811.jpg 
 19f8229d.jpg 
 1f901e7c.jpg 
 2f51d65c.jpg 
 892f3c35.jpg",1
107,107,107,瑞芳旅社,新北市瑞芳區瑞芳街81號,02-2621-2759,24小時開放,307ae8cb.jpg,1
108,108,108,義方商行,新北市瑞芳區逢甲路29號,02-2621-2759,24小時開放,eac55206.jpg,1
109,109,109,輕便道遺址,新北市瑞芳區逢甲路139號旁的岔路,02-2621-2759,24小時開放,313dbb84.jpg,1
110,110,110,三峽清水祖師廟,新北市三峽區長福街1號,02-2671-1031,週一至日06：00∼21：00,"40aff937.jpg 
 6580ba9e.jpg 
 d4eea7c7.jpg 
 03e164ab.jpg 
 fa312290.jpg",1
111,111,111,平溪分駐所（天燈派出所）,新北市平溪區平溪街43號,02-2495-1063,24小時營業,6f989587.jpg,1
112,112,112,菁桐車站,新北市平溪區菁桐街52號,02-2495-1063,無資料,7184d383.jpg,1
113,113,113,中山溫泉公園,新北市金山區溫泉路3號,02-2498-5965,週一至日08：00∼20：00,"f5647386.jpg 
 7ebf31a6.jpg 
 3d33a38e.jpg 
 15cee4ae.jpg 
 38f4d35f.jpg",1
114,114,114,蘆洲鴨母港,新北市蘆洲區長安街233巷、永安南路二段,02-2498-5965,24小時開放,"1732eb5e.jpg 
 a03f6b96.jpg 
 336b2be2.jpg 
 cb09a5af.jpg 
 2738f594.jpg",1
115,115,115,情人溫泉民宿,新北市烏來區溫泉街83號,02-2661-6181,24小時營業,"48f50c41.jpg 
 66957472.jpg 
 f975f6fa.jpg 
 5d895836.jpg 
 b82659b9.jpg",1
116,116,116,LoGin密室逃脫,新北市中和區連城路52號4樓,0963-606-082,週一至日10：30∼22：30,"109bbeae.jpg 
 d02695c8.jpg 
 806cb4d3.jpg",1
117,117,117,板橋音樂公園,新北市板橋區大同街76號,0963-606-082,24小時,75c387e7.jpg,1
118,118,118,富貴綠地公園,新北市板橋區,02-2968-9611,24小時,c6d15cee.jpg,1
119,119,119,溪北生態休閒公園,新北市板橋區篤行路二段133號,02-2687-0513,24小時開放,"7c0c4d22.jpg 
 f4aa7568.jpg 
 ea9d7d24.jpg 
 20728c93.jpg 
 5d03875e.jpg",1
120,120,120,新北市政府景觀瞭望台,新北市板橋區中山路一段161號32樓,02-2960-3456,週一至日07：00∼22：00,"a4039b9e.jpg 
 870071e4.jpg 
 3b4c19a7.jpg 
 89ced5b9.jpg 
 f359d5d1.jpg",1
121,121,121,三芝雙連石滬,新北市三芝區,02-2960-3456,24小時營業,"62ff9f08.jpg 
 95e80e91.jpg 
 a68c4619.jpg",1
122,122,122,雙灣自行車道,新北市三芝區,02-2960-3456,24小時,"b90b6111.jpg 
 ed28afd6.jpg 
 263bbe9e.jpg",1
123,123,123,磺港社區公共浴室,新北市金山區磺港路312號,02-2498-5965,週一至日凌晨05：00∼09：00、17：00∼21：00,"f0fba3c8.jpg 
 0c78e224.jpg 
 e5c25806.jpg 
 b51587bc.jpg 
 3a86156c.jpg",1
124,124,124,準園休閒農場,新北市五股區新五路二段70號,02-2292-2466,週二至日09：30∼17：00（週一休，若遇連假則正常營業）,"c4d3d700.jpg 
 75926d48.jpg 
 2cffef15.jpg 
 bde244f2.jpg 
 e1d677c6.jpg",1
125,125,125,青立方休閒農場,新北市新店區銀河路98號,02-2217-8768,週一至日10：30∼18：00,4aa301c5.jpg,1
126,126,126,銀河洞瀑布,新北市新店區銀河路68號,02-2217-8768,無資料,6d7fdae2.jpg,1
127,127,127,和美山步道,新北市新店區碧潭路11號,02-2911-2281,24小時開放,"852f2ce6.jpg 
 f32385ee.jpg 
 4e7b0f72.jpg 
 a1d4a788.jpg 
 a0b52149.jpg",1
128,128,128,中泰里迷你彩繪巷,新北市新莊區中港二街33號,02-2993-8492,無資料,19e2c4f9.jpg,1
129,129,129,中港大排,新北市新莊區中原路191號,02-2993-8492,24小時開放,"759b5140.jpg 
 753b538c.jpg 
 f33ce717.jpg 
 2d0bfc4a.jpg 
 fe7d8322.jpg",1
130,130,130,仁愛里彩繪巷,新北市新莊區幸福路77號,02-2993-8492,無資料,51101487.jpg,1
131,131,131,快樂小熊親子樂園（汐止遠雄店）,新北市汐止區新台五路一段99號2樓,02-2697-1855,週日至四11：00∼20：40／週五、六 11：00∼21：00,"732f5018.jpg 
 e7e70391.jpg 
 86107297.jpg",1
132,132,132,麟山鼻木棧道,新北市石門區德茂里下員坑（2號省道23公里處）,02-2636-2111,24小時營業,"2e426867.jpg 
 62920a31.jpg 
 932ad008.jpg",1
133,133,133,石碇老街,新北市石碇區石碇東街,02-2663-1080,無資料,"39df6fb0.jpg 
 71da2620.jpg",1
134,134,134,芝蘭公園海上觀景平台,新北市三芝區後厝里北勢子20-6號（芝蘭公園旁）,02-2636-2111,24小時開放,"6e2b1b53.jpg 
 0c88160c.jpg 
 a7fb72a3.jpg 
 548c63b1.jpg 
 5c0c4356.jpg",1
135,135,135,淡蘭吊橋,新北市石碇區106乙縣道雙溪口68-8號旁,02-2636-2111,無資料,8657558a.jpg,1
136,136,136,彭山涼亭茶園祕境,"新北市石碇區彭山里（地圖設定【24.970642,121.674432】即可導航）",02-2636-2111,24小時開放,"4b9cece8.jpg 
 cd6eeabb.jpg 
 0b0b7b60.jpg 
 b970771c.jpg 
 bbc89a7a.jpg",1
137,137,137,牛仔莊園,新北市三芝區古庄108-1號,02-2636-5666,週一至日10：00∼21：00,"f7509371.jpg 
 ff3d4dea.jpg 
 b62e34a2.jpg 
 079b054c.jpg 
 5a0045d9.jpg",1
138,138,138,清水坑,新北市雙溪區台2丙線（雙柑公路）16公里處,02-2636-5666,24小時開放,248e3a15.jpg,1
139,139,139,三貂嶺瀑布步道,新北市瑞芳區魚寮路1號,02-2636-5666,24小時開放,"73aa2054.jpg 
 5c4f3220.jpg 
 537b0025.jpg 
 2d913584.jpg 
 3f58b911.jpg",1
140,140,140,恐龍園區,新北市中和區華中橋下方,02-2636-5666,24小時開放,"8a2dfe5f.jpg 
 036ae222.jpg 
 4f491931.jpg 
 18a2da62.jpg 
 2b2bb2ad.jpg",1
141,141,141,卡滋爆米花觀光工廠樂園,新北市八里區觀海大道171號,02-8630-3886,週一至五10：30∼17：30／週六、日10：30∼18：30,"89b2c037.png 
 34b98106.png 
 b144b5aa.png 
 38dbb750.png",1
142,142,142,報時山步道,新北市瑞芳區祈堂路53號（Google可導航至勸濟堂）,02-2496-2800,24小時開放,"7ef8baca.jpg 
 3ad1a5b0.jpg 
 486338fe.jpg 
 0f670376.jpg 
 1033d6b7.jpg",1
143,143,143,獅頭山公園步道,新北市金山區磺港路171-2號,02-2498-8980,24小時開放,"25e9ed53.jpg 
 4021e6e2.jpg 
 8e9188ca.jpg 
 e375b059.jpg 
 bfd07cd3.jpg",1
144,144,144,炮仔崙瀑布,新北市深坑區阿柔洋產業道路上,02-2662-3116,24小時開放,"4f8f6e4e.jpg 
 6510d4de.jpg",1
145,145,145,福德坑山（鳶山）,新北市三峽區,02-2662-3116,24小時開放,"36db9660.jpg 
 ad068a5e.jpg 
 14ce186e.jpg",1
146,146,146,鳶山登山步道,新北市三峽區鳶山風景區,02-2671-1017,24小時開放,"13d29b16.jpg 
 64011aae.jpg 
 44cc994e.jpg 
 6b7cdb4e.jpg 
 12d55b39.jpg",1
147,147,147,?公公園,新北市新店區北新路與中正路路口,02-2671-1017,無資料,0e47db69.jpg,1
148,148,148,陽光運動公園,新北市新店區安業街65巷10弄8號,02-8969-9596,24小時開放,"2162ef1e.jpg 
 5c2ab555.jpg 
 fef7a981.jpg 
 cdfba577.jpg 
 18e3ea30.jpg",1
149,149,149,淡水紫藤花園二號水源園區,新北市淡水區忠寮里竹圍子9-1號,02-2801-0800,週一至日08：00∼18：00（依花期開放時間而定）,"d3ee9986.jpg 
 768b8ca2.jpg 
 4f31a6f9.jpg 
 be18eb53.jpg 
 1f406166.jpg",1
150,150,150,淡水紫藤花園一號屯山園區,新北市淡水區屯山里石頭厝2-1號,02-2801-0800,週一至日08：00∼18：00（依花期開放時間而定）,"e5192475.jpg 
 d43b75fa.jpg 
 fb0e35af.jpg 
 c14bb73f.jpg 
 cc585274.jpg",1
151,151,151,滿月圓國家森林遊樂區,新北市三峽區有木174-1號,02-2672-0004,週一至五08：00∼17：00／週六、日07：00∼17：00,"75a59fdc.jpg 
 f0d5c5e6.jpg 
 f07caf78.jpg 
 d9dfdc15.jpg 
 2339c871.jpg 
 4d905c73.jpg",1
152,152,152,竹林山觀音寺,新北市林口區竹林路325號,02-2601-1412,週一至日06：00∼22：00,"805fbf7e.jpg 
 cc496917.jpg 
 c1b89b31.jpg 
 68213e90.jpg 
 9c6b3cb9.jpg",1
153,153,153,石碇五路財神廟,新北市石碇區大湖格20-1號,02-2663-3372,週一至日06：00∼18：00（春節期間照常開放）,"bd0ab67e.jpg 
 88aafb64.jpg 
 db7c80f3.jpg 
 c7762cd4.jpg 
 8c3991e6.jpg",1
154,154,154,新乾華十八王公廟,新北市石門區坪林52號,02-2638-2453,24小時開放,"473290f7.jpg 
 e3279fd0.jpg 
 2eb6ad18.jpg 
 e2f8ab0d.jpg 
 d8014522.jpg",1
155,155,155,聖瑪莉丹麥麵包莊園,新北市土城區中山路21號,02-2268-9600,週二至日09：30∼18：00,"b42d974d.jpg 
 76e0b678.jpg 
 3e5fbd38.jpg 
 c257d4b4.jpg 
 5fc228ac.jpg",1
156,156,156,碧潭風景區,新北市新店區新店路碧潭風景區,02-2913-2579,24小時開放,"efdafd29.jpg 
 4f8670a3.jpg 
 c6d7b3f0.jpg 
 ee64d6ca.jpg 
 252d5d3f.jpg",1
157,157,157,銀河洞越嶺步道,新北市新店區銀河路68號,02-2913-2579,24小時開放,"c1afe138.jpg 
 b7753270.jpg 
 548da0b0.jpg 
 9ea59d79.jpg 
 15f638c4.jpg",1
158,158,158,貢寮桃源谷大草原,新北市貢寮鄉與宜蘭縣頭城鎮交界處,02-2913-2579,24小時開放,"cb4bab59.jpg 
 b068289e.jpg 
 a4f43bf4.jpg 
 2e1257b0.jpg 
 6aff1510.jpg",1
159,159,159,林本源園邸（林家花園）,新北市板橋區西門街9號,02-2965-3061,週二至日09：00∼17：00（週一休）,"2122a6b6.jpg 
 b5928c63.jpg 
 132d06f9.jpg 
 3cbba132.jpg 
 386819dd.jpg",1
160,160,160,鹿羽松牧場,新北市金山區兩湖里倒照湖28-6號（對面?）,0956-020-406,週一至日10：00∼17：00,"f2b92e38.jpg 
 79fc935b.jpg 
 c940e831.jpg 
 516ddadc.jpg 
 05081539.jpg",1
161,161,161,滬尾藝文休閒園區,新北市淡水區中正路一段2號,02-2626-5222,24小時開放,"97c46315.jpg 
 dc13760d.jpg 
 85629653.jpg 
 1929165a.jpg",1
162,162,162,庶民美術館,新北市三峽區民權街110號,02-2671-2009,週四至日12：00∼18：00（週一∼三休）,"2ab17caa.jpg 
 aeeb4015.jpg 
 0b973c4f.jpg 
 2859c9b8.jpg 
 dfbdfc81.jpg",1
163,163,163,千島湖,新北市石碇區北宜路五段大湖巷底（從碧山派出所旁的潭腰產業道路，沿綠色指標進入）,02-2671-2009,24小時開放,"e16f7318.jpg 
 f08d5b16.jpg 
 fd8bb599.jpg 
 1e1d7a33.jpg 
 66cb1afe.jpg",1
164,164,164,台灣農林熊空茶園,新北市三峽區竹崙路238號,02-2688-1589,週一至日09：00∼17：00,"b49cd660.jpg 
 687f1ccf.jpg 
 7a729193.jpg 
 3f10bde7.jpg 
 fc8a5241.jpg",1
165,165,165,鼻頭角步道,新北市瑞芳區鼻頭路99號,02-2499-1210,24小時開放,"735d235b.jpg 
 91e05b25.jpg 
 23d49731.jpg 
 17f470e2.jpg 
 7178423f.jpg",1
166,166,166,樹林環保河濱公園,新北市樹林區環河路24號,02-2499-1210,24小時開放,"ff75fef3.jpg 
 fcd0aa40.jpg 
 8440ba2b.jpg 
 abebee6d.jpg 
 5d37db20.jpg",1
167,167,167,野柳海洋世界,新北市萬里區港東167-3號,02-2492-1111,週一至五09：00∼17：00／週六、日09：00∼17：30,"ca283bc6.jpg 
 b7e4ed96.jpg 
 10ec6179.jpg 
 ea17142a.jpg 
 ac2269d5.jpg",1
168,168,168,MITSUI OUTLET PARK林口,新北市林口區文化三路一段356號,02-2606-8666,週一至四11：00∼21：30／週五11：00∼22：00／週六、日10：30∼22：00,"9bbb6b9b.jpg 
 cb56a6c2.jpg 
 5706a0fa.jpg 
 d754326f.jpg 
 ba0d26bd.jpg",1
169,169,169,十三行文化公園,新北市八里區博物館路與忠孝路交叉口,02-8969-9596,24小時開放,"9c98c280.jpg 
 5f81bc83.jpg 
 4d76c66a.jpg 
 3f787012.jpg 
 1ab48851.jpg",1
170,170,170,望古賞瀑步道,新北市平溪區慶和橋26號（望古車站旁）,02-8969-9596,24小時開放,"01513930.jpg 
 5cebc030.jpg 
 9a99ad26.jpg 
 adfc7385.jpg 
 c9e354e7.jpg",1
171,171,171,青山瀑布,新北市石門區尖山湖（登山口位於北17鄉道豬槽潭路）,02-8969-9596,24小時開放,"8b05f33f.jpg 
 b4f35b1e.jpg 
 ea96f1ce.jpg 
 be538ad6.jpg 
 a29046a6.jpg",1
172,172,172,高家繡球花田萬里第三園區,新北市萬里區大坪路32-6號,0930-956-271,週一至日08：00∼18：00,"01cf40d6.jpg 
 85bd6bf8.jpg 
 480a1e21.jpg 
 a82da3d3.jpg 
 742642f4.jpg",1
173,173,173,新月橋,新北市板橋區環河道路,0930-956-271,24小時開放,"c5a35f9e.jpg 
 93db4d2a.jpg 
 e6e713d1.jpg 
 772c5330.jpg 
 f9dd1bd3.jpg",1
174,174,174,十分瀑布公園,新北市平溪區乾坑10號,02-2495-8605,週一至日09：00∼18：00（夏季６∼９月）／週一至日09：00∼17：00（非夏季５∼10月）,"773bf12a.jpg 
 5cea5495.jpg 
 cc641e05.jpg 
 6cda6907.jpg 
 9e841077.jpg",1
175,175,175,七彩寶盒打卡點,新北市板橋區站前路5號,02-2495-8605,24小時開放,"e14f1b62.jpg 
 ec528ede.jpg 
 ca1cc678.jpg 
 826a33cb.png",1
176,176,176,深澳鐵道自行車,新北市瑞芳區建基路二段121號,02-2406-2200,週一至日10：00∼17：00（須線上預約）,"6946b321.jpg 
 73f65663.jpg 
 7ae3c460.jpg 
 a3ab33f8.jpg 
 13ea1cef.jpg",1
177,177,177,王子創意文具國,新北市林口區粉寮路一段86號,02-2603-3288,週一至五09：30∼17：30／週六、日09：30∼18：00,"c059a3df.jpg 
 fe4a3324.jpg 
 7a59f843.jpg",1
178,178,178,蕃婆林休閒農場,新北市三芝區番婆林44號,02-2636-2716,週一至五08：30∼17：00／週六至日08：30∼19：00,3ff1ba01.jpg,1
179,179,179,大新店游泳池,新北市新店區環河路112-1號,02-2913-3840,週一至日05：00∼23：00,"50976f4b.jpg 
 83330726.jpg 
 c9c43587.jpg",1
180,180,180,烘爐地南山福德宮,新北市中和區興南路二段399巷160-1號,02-2942-5277,24小時開放,"fd0c3db1.jpg 
 327f7e6d.jpg 
 2ee6b76e.jpg 
 1be6f34b.jpg 
 b88540e2.jpg",1
181,181,181,輔仁大學,新北市新莊區中正路510號,02-2905-2000,無資料,a09062c6.jpg,1
182,182,182,新平溪煤礦博物園區,新北市平溪區新寮里頂寮子5號,02-2495-8680,週一至日09：00∼17：00,"e7c2810f.jpg 
 360f5a1a.jpg 
 0a9edef3.jpg",1
183,183,183,野柳地質公園,新北市萬里區野柳里港東路167-1號,02-2492-2016,週一至日08：00∼17：00,"fdaf8269.jpg 
 e584e5b4.jpg 
 7ad7a4a7.jpg 
 16af8e5b.jpg 
 a89b2b36.jpg",1
184,184,184,嵩山社區發展協會,新北市石門區老崩山6-5號,02-2638-2012,週一至日09：00∼17：00,35d3b49d.jpg,1
185,185,185,確幸莊園 Treasure Manor,新北市新店區新潭路二段27號,02-2918-9769,須預約或告知，不接受訪客（平日休）,6267c48c.jpg,1
186,186,186,青出於藍染工坊（三峽藍染遊客中心）,新北市三峽區仁愛街47號,02-2918-9769,週一、週三至五10：00∼17：00／週六至日10：00∼18：00（週二休）,f754ff3d.jpg,1
187,187,187,三峽老街,新北市三峽區民權街37-147號,02-2918-9769,24小時開放,"461df4f1.jpg 
 8234ab16.jpg 
 e985bae0.jpg 
 6b428dbb.jpg 
 32b63fe6.jpg",1
188,188,188,下福市民活動中心,新北市林口區下福里11鄰下福139-13號,02-2603-3111#608,24小時開放,"499b95b7.jpg 
 971e7e79.jpg 
 fe85bc46.jpg 
 05521475.jpg 
 c260aafe.jpg",1
189,189,189,水牛坑越野場地,新北市林口區西部濱海公路625號,02-2603-3111#608,24小時開放,"57bccac3.jpg 
 478fa8d6.jpg 
 f7057e0e.jpg 
 3e0ea66d.jpg 
 766ac2ba.jpg",1
190,190,190,富貴角燈塔,新北市石門區楓林27號,02-2638-1721,24小時開放,ff16ffde.jpg,1
191,191,191,三貂角燈塔,新北市貢寮區馬崗街38號,02-2499-1300,週二至日09：00∼18：00（週一休）,7c23b834.jpg,1
192,192,192,汪汪地瓜園,新北市金山區六股林口74號,0961-555-515,週二∼五09：30∼17：00／週六、日09：30∼19：00（週一休）,"21fe83e7.jpg 
 77b228c6.jpg 
 2a47c554.jpg 
 9722aa4b.jpg 
 2c0bd081.jpg",1
193,193,193,新北市立黃金博物館,新北市瑞芳區金光路8號,02-2496-2800,週一至五09：30∼17：00／週六、日09：30∼18：00 （每月第一個週一、除夕、大年初一休）,"5bf6d213.jpg 
 565f51c6.jpg 
 797dfab0.jpg 
 fb823f53.jpg 
 613a41df.jpg",1
194,194,194,板橋435藝文特區,新北市板橋區中正路435號,02-2969-0366,週一至五09：00∼17：00／週六、日09：00∼18：00,7abd652c.jpg,1
195,195,195,老梅綠石槽,石門(2號省道26.3公里處),02-2969-0366,無資料,1e8822f0.jpg,1
196,196,196,台灣玩具博物館,新北市板橋區中正路435號,0917-567-617,週二至日10：00∼17：00（週一休）,"2b97a602.jpg 
 a854f4f2.jpg 
 7d21288d.jpg 
 c48ffa23.jpg 
 269d378b.jpg",1
