id,店名,地址,電話,營業時間,圖片名
0,大眾廟米粉湯筒仔米糕,新北市新莊區中正路84-1號,,週一至日11：00～16：00（不定期公休）,0edb05f8.jpg
1,香港鋒元記燒臘,新北市新莊區化成路566號,02-2277-2178,週一至五10：30～14：00、16：30～19：30／週六10：30～14：00（週日休）,a21a0b47.jpg
2,福隆一嘉便當,新北市新莊區公園路49號,02-8991-9696,週一至六10：30～12：40、16：30～18：30（週日休）,4215c8b2.jpg
3,新莊古早味豆花,新北市新莊區中誠街53巷32號,,週一至日16：00～22：00,cfe83c00.jpg
4,陳秋剛綿綿冰（新莊店）,新北市新莊區中平路45號,02-2990-1778,週一至日13：00～21：30（不定期公休，詳情請見粉絲專頁）,c26eac07.jpg
5,日豐企業社,新北市新莊區中華路二段33號,,週一、週三至日13：00～19：00（週二休，售完為止）,37a57aed.jpg
6,貝盼pan bagels,新北市新莊區幸福東路97號,02-6603-9973,週二至日07：00～15：00（週一休）,76e55000.jpg
7,濤濤海鮮蒸氣鍋,新北市新莊區中央路469號2樓,02-8522-6555,週二至日11：30～15：00、17：30～21：30（週一休）,0196538c.jpg
8,德堡牛排（新莊中正店）,新北市新莊區中正路695號,02-2906-9993,週一至五11：00～14：30、16：30～22：00／週六、日11：00～22：00,b3ae4f87.jpg
9,99泰式燒烤火鍋吃到飽（新莊民安店）,新北市新莊區民安西路239號,02-2206-2595,週二至六 17：00～22：00／週日12：00～15：00、17：00～22：00（週一休）,bf293de5.jpg
10,樂泰LOVETHAI泰式餐廳,新北市蘆洲區集賢路402號1樓,02-2285-8800,週一至日11：30～14：00、17：30～21：00（週三休）,164b1b8e.jpg
11,大家樂鮮魚舖,新北市板橋區雙十路三段58號,02-8258-8300,週二至日12：00～20：30（週一休）,aec2320d.jpg
12,陳平良烤鴨（汐止店）,新北市汐止區中興路187號,0976-249-798,週一至日11：30～14：00、17：00～20：00,2be7015a.jpg
13,168鹹粥/米粉湯,新北市三重區力行路一段168號,0928-220-511,週一至六17：00～00：30（週日休）,e97c8d3b.jpg
14,名炙炭火燒肉,新北市三重區三和路四段288號,02-2287-7866,週一至四17：00～23：00／週五至日11：30～23：00（最後入座21：00，週二休，其他日不定期公休，詳情請見粉絲專頁）,8b709afe.jpg
15,明月堂和菓子（三重店）,新北市三重區和平街5號,02-2975-8948,週一至六09：30～19：30（週日休）,76686f67.jpg
16,小吉咖哩（文化店）,新北市板橋區文化路一段167號,0908-627-987,週一至日11：00～21：00,8e15c338.jpg
17,拾梯甜日式舒芙蕾專売店-板橋莒光,新北市板橋區莒光路16巷4號1樓,02-2258-7110,週一至日12：00～20：00,909bd2ef.jpg
18,Pastaio手工義大利麵（新店店）,新北市新店區北新路一段78號,02-8914-7317,週一至日11：30～16：00、17：00～21：00,fbc117fb.jpg
19,一星名店人生的咖哩味（三重空軍一村店）,新北市三重區正義南路86巷30號,,用餐採預約制,bcd458b6.jpg
20,Middle 8,新北市蘆洲區中正路65-1號,0911-605-608,週一至日09：00～17：00,e856c1bf.jpg
21,來來麻糬（三峽老街）,新北市三峽區民權街105號（來來滷味）,0916-361-267,週四、五15：00～17：00（週一至三、六、日休，採預約制）,bc4de1aa.jpg
22,源廣廣東腸粉,新北市三峽區民權街26號,0988-972-109,週一、五06：30～15：00／週二、四、六、日06：30～18：00（週三休）,60e852b0.jpg
23,清水冬瓜王,新北市三峽區長福街15號,02-2673-0333,週一至五10：30～18：45／週六、日10：30～19：15,8b995081.jpg
24,Nim's泰式廚房（担担泰）,新北市中和區保健路17號,0983-078-139,週二至日11：00～14：00、17：00～22：00（週一休）,c1ac3e46.jpg
25,豬大A豬腳,新北市板橋區中山路二段394號,02-2964-5252,週二至日11：00～13：30、16：30～20：00（週一休，其他日不定期公休，詳情請見粉絲專頁）,08449be0.jpg
26,統力雙胞胎（姐妹）,新北市八里區渡船頭街25號,02-2619-3532,週一至日09：00～17：00,47d653a1.jpg
27,Ton Up Cafe英倫復古餐廳,新北市八里區觀海大道61號,02-2610-2813,週一至五11：45～21：30／週六11：30～22：30／週日11：30～21：30,b1134f4c.jpg
28,碧瑤山莊庭園餐廳,新北市五股區凌雲路三段112號,02-2291-1507,週二至日11：00～15：00、17：00～21：00（週一休）,f0e2e4f6.jpg
29,牛室炙燒牛排（板橋府中店）,新北市板橋區館前東路26號2樓,02-2955-1500,週一至五11：00～15：30、17：00～22：00／週六、日11：00～22：00,b3c8bc43.jpg
30,酷吉火鍋,新北市板橋區懷仁街69號,02-2957-0202,週二至日11：30～14：30 、17：00～21：00（週一休）,cbfeab30.jpg
31,華姐麵店（樟樹店）,新北市汐止區樟樹二路280號,,週一至日11：30～凌晨02：00,37aa4558.jpg
32,万丹紅豆餅,新北市汐止區中興路168號,0932-216-478,週一至日14：30～21：30,a1c86147.jpg
33,日日朝食（汐止店）,新北市汐止區樟樹一路268-2號,02-2647-7711,週一至日07：00～14：00,4493f865.jpg
34,雅香石頭火鍋（汐止店）,新北市汐止區康寧街383號,02-2647-1030,週一至日11：30～15：00、17：00～23：00,4e4301b9.jpg
35,五角菜飯,新北市汐止區大同路二段227號,02-8692-3461,週二至日11：00～14：00、17：00～21：00（週一休）,ce92a15d.jpg
36,丞相鵝肉,新北市汐止區大同路一段345號,02-8692-1343,週一至六10：00～21：00（週日休）,684ceb0d.jpg
37,阿田油飯,新北市三重區電信街48號,02-2975-9577,週二至日07：15～14：00（售完為止，週一休）,5adac754.jpg
38,霸味薑母鴨（全台總店）,新北市三重區重陽路一段100號,02-2987-7904,週一至日15：00～00：00,00f1cb74.jpg
39,二男小家料理,新北市中和區中山路三段36號,02-8227-5280,週二至日11：30～14：00、17：00～21：00（週一及每月最後一個週二休）,2f914032.jpg
40,點點小食光紅豆餅,新北市板橋區龍泉街96號,0921-652-872,週一至日13：00～19：30（不定期公休，詳情請見粉絲專頁）,a57f5532.jpg
41,Wonderful Baba Bak Kut Teh King Of King萬得富爸爸肉骨茶王中王,新北市板橋區莒光路18-1號,02-2258-6052,週二至五11：30～14：00、17：00～20：30／週六、日11：30～20：30（週一休）,e6653135.jpg
42,歐莫炸雞所（三重店）,新北市三重區信義西街34號,0983-739-616,週二至五15：00～凌晨02：00／週六、日14：00～凌晨02：00（週一休，售完為止）,17182954.jpg
43,黑殿飯店（右岸店）,新北市淡水區中正路11巷10號,02-2626-6363,週一至日11：00～20:30,2c08fde0.jpg
44,金冠排骨,新北市板橋區民族路56號,02-2951-3088,週二至日11：00～20：30（週日休）,2a540a34.jpg
45,詹記麻辣火鍋（新莊總店）,新北市新莊區新泰路187號,02-2998-2794,週二至日17：00～凌晨01：00（週一休）,65441fb3.jpg
46,心心石頭火鍋,新北市板橋區中正路163號,02-2275-6377,週一至日11：30～22：00,8b6e0734.jpg
47,日和LiHer,新北市鶯歌區永昌街11號,0906-377-789,週一、四至日12：30～18：00（週二、三休）,7615a9c8.jpg
48,阿嬌萬里蟹,新北市萬里區基金公路（萬里瑪鋉漁港正對面）,0910-953-662,週一至日10：00～18：30（不定期公休，詳情請見粉絲專頁）,66a85268.jpg
49,蘆洲阿地剉冰店,新北市蘆洲區長安街257號,0972-752-791,週一至日12：00～23：00,d96a0013.jpg
50,峰涼麵,新北市蘆洲區長安街170號,02-8283-8600,週一至日05：30～20：30,e9fb5788.jpg
51,香雞莊,新北市蘆洲區長安街172巷1號,02-2289-2808,週一至日06：00～13：00（週三休）,a3850eea.jpg
52,正統肉羹麵,新北市新莊區福壽街158號,02-2996-5255,週一至日24小時營業（週二休）,7071816a.jpg
53,王記港式點心,新北市中和區圓通路343號,0922-027-647,週一至日凌晨05：00～12：00,ea94b584.jpg
54,CornerCone酷礦美式手作霜淇淋（淡水旗艦店）,新北市淡水區中正路35號,0965-353-284,週一至五13：00～19：00／週六、日13：00～20：00（週三休）,5e487ae6.jpg
55,焼肉スマイル（燒肉Smile）（新北三重店）,新北市三重區重新路二段100號1樓,02-8972-1118,週一至日11：00～凌晨04：00,3c0cd670.jpg
56,天山饢坑烤肉,新北市板橋區民生路一段21號,02-2950-0098,週二至日17：30～00：00（週一休）,f0079d12.jpg
57,阿玉白糖粿（板橋湳雅店）,新北市板橋區南雅東路43號,,週一至日17：00～23：00（不定期公休，詳情請見粉絲專頁）,92da82fa.jpg
58,石頭香真珠玉米,新北市板橋區南雅東路5號,0938-608-945,週一至日17：00～00：00,5cae05f0.jpg
59,懷念排骨酥湯,新北市板橋區南雅東路20號,02-2969-1977,週一至日17：00～凌晨01：00,6c814b26.jpg
60,三野達人,新北市新店區大豐路52號,02-8914-5885,週二至日12：00～15：00、17：00～21：30（週一休）,2e434780.jpg
61,穩穩早餐店,新北市新店區北新路二段121巷4號,02-2914-2111,週二至五07：00～11：00／週六、日08：00～12：00（週一休）,e4476018.jpg
62,小樂天餃子館（寶強店）,新北市新店區寶強路61號,02-8914-5522,週一至六11：00～14：30、17：00～20：30（週日休）,6abe97fe.jpg
63,鵝肉世家（寶強店）,新北市新店區寶強路55號1樓,02-2918-9989,週一至日11：30～19：30（週五休）,8daea9fb.jpg
64,嘉義阿婆炸麻糬（女兒樹林直營店）,新北市樹林區大安路167號,0958-536-001,週二至日14：30～20：00（售完為止，週一休）,1f719a37.jpg
65,無所不包自助早餐吃到飽（三重大智店）,新北市三重區大智街157號,0900-592-444,週二至日06：00～15：00（週一休）,123636e3.jpg
66,吃瓜•球 QQ地瓜球,新北市林口區中正路273號,0903-501-147,週一至五15：00～20：00／週六08：00～12：00、15：00～20：00（週日休）,623ad847.jpg
67,溜溜貝果（林口醒吾店）,新北市林口區中正路30巷15號,02-2602-0606,週一至日10：00～20：00,7525bc73.jpg
68,恬沁咖啡Tian Cin Cafe Roasters,新北市林口區仁愛路一段272巷18號,0989-307-736,週一至日11：00～19：00（週四休，其他日不定期公休，詳情請見粉絲專頁）,4f5692c4.jpg
69,龍抄手涼麵,新北市林口區中正路153號,02-2603-1313,週一至日10：30～20：00（不定期公休，詳情請見Google地標）,5651a8da.jpg
70,四木欣福,新北市蘆洲區民族路170號1樓,02-8282-1680,週一至日11：00～14：00、16：30～20：30（不定期公休，詳情請見店面公告）,d95d3128.jpg
71,燒后鐵板燒,新北市三重區三和路二段151號,02-2974-6606,週一、週三至日11：00～22：00（週二休）,68dbac5a.jpg
72,多多食堂（多多米粉湯）,新北市中和區中正路224號,02-8245-3991,週一至日11：00～21：00,0197e5ee.jpg
73,好美素食園,新北市板橋區華興街36號,02-2957-6969,週一至六10：00～13：30、17：00～19：30／週日10：00～13：30,4ac04e79.jpg
74,嗨九,新北市貢寮區馬崗街3-1號,0908-919-960,週一至日10：00～18：00（週三休）,765c3512.jpg
75,老本壽司生魚片,新北市三重區三和路三段78號,0983-396-340,週二至日12：00～14：30、17：00～21：30（週一休，其他日不定期公休，詳情請見Google商家資訊）,da80f695.jpg
76,安格士牛排館（樹林店）,新北市板橋區大觀路三段236號,02-2675-3792,週一至日11：30～22：00,62d41029.jpg
77,秋香鵝肉館（板橋重慶店）,新北市板橋區重慶路269巷14號,02-2951-2666,週二至日11：00~19：30（週一休）,46b6ef3e.jpg
78,二水町涼心事業冰品專門店,新北市板橋區中山路二段85號,02-2957-8557,週一至日11：00～22：00,5a499389.jpg
79,在心蛋餅舖,新北市三峽區國際一街21號（北大商場內）,,週二至日07：00～13：30（週一休）,2fb2a4a0.jpg
80,王家手作蔥餅,新北市蘆洲區成功路156號,,週一至日16：30～21：30,2e383530.jpg
81,原素食府,新北市板橋區府中路29-2號4樓,02-2272-2988,週一至日11：45～14：00、14：30～16：30、17：45～21：00,ce1c12c9.jpg
82,北斗肉圓,新北市永和區永貞路309號,02-2929-8330,週一至日10：30～21：00,2fd36626.jpg
83,五草車中華食館（永和店）,新北市永和區永和路一段46號,02-2920-5332,週一、三至五11：00～14：00，17：00～20：40／週六、日11：00～20：40（週二休）,68c7aaae.jpg
84,和美冰果室,新北市永和區秀朗路一段44號,02-2926-1552,週二至日10：00～21：00（週一休）,bbf582cb.jpg
85,旺得刈包,新北市永和區永和路一段68號,0919-398-553,週一至日11：30～20：30（不定期公休）,15c5761c.jpg
86,橋村炸雞（板橋環球店）,新北市板橋區縣民大道二段7號（板橋車站環球購物中心B1）,02-2968-0688,週一至日10：00～22：00,8c99bec6.jpg
87,姐夫韓食,新北市永和區中正路633號,02-2233-1878,週二、三16：30～20：30／週四至日11：30～14：00，16：30～20：30（週一休）,114fa228.jpg
88,大叔的飯,新北市樹林區啟智街151巷8號,02-8675-5989,週二至日11：30～14：00、17：00～20：00（週一休）,11e6e232.jpg
89,LAIFA Coffee Store來發咖啡所,新北市樹林區啟智街111號,02-2684-6263,週一至六10：00～22：00／週日10：00～18：00,fcd39b14.jpg
90,康博士東山鴨頭,新北市板橋區四維路297號,0955-113-191,週一至日17：00～23：00 （每月第１、３個週二休，每月第２、４個週一、二休）,b4f1a495.jpg
91,卯澳小吃,新北市貢寮區福興街15-2號,02-2499-2321,週二至日10：00～18：30（週一休，其他日不定期公休，詳情請見粉絲專頁）,3efc9282.jpg
92,旺旺來亞洲咖哩屋,新北市中和區華新街23號,0909-637-668,週一至日10：00～14：30、17：00～20：00（週四休）,0935057b.jpg
93,小檳城食堂,新北市中和區華新街112號,0935-003-793,週一至日11：45～14：00、17：45～20：00（週五休）,3cda8823.jpg
94,藍天印度烤餅,新北市中和區華新街33號,02-2949-1790,週一至五07：00～16：00／週六、日07：00～16：30（週三休）,1144437e.jpg
95,口福南洋風味,新北市中和區華新街35號,02-8941-0258,週一至三、五至日06：30～16：00（週四休）,ac9c19aa.jpg
96,滇城雲南美食,新北市中和區華新街78號,02-2946-2325,週一至三、五至日10：00～19：30（週四休）,5d8bb92b.jpg
97,知名度牛排（中和店）,新北市中和區忠孝街141號,02-3151-1026,週一至五11：30～14：00、17：30～20：30／週六、日11：30～14：00、17：00～20：30（不定期公休，詳情請見粉絲專頁）,b37dece5.jpg
98,我家牛排（林口A9店）,新北市林口區文化三路一段2號（環球購物中心林口A9３樓）,02-2608-1893,週一至日11：00～22：00,3258ef8d.jpg
99,正義台灣牛肉,新北市三重區龍門路144號,0912-228-478,週二至日16：30～00：00（週一休）,0139c92e.jpg
100,阿輝牛肉城,新北市新店區中興路三段225號,02-8665-0595,週三至六11：30～14：00、17：00～22：00／週日11：30～14：00、17：00～21：00（週一、二休）,61e82413.jpg
101,美寶冰飲,新北市中和區保健路63號,02-2942-0700,週一至日13：30～22：00（不定期公休，詳情請見粉絲專頁）,60ceed68.jpg
102,阿準越南料理,新北市板橋區雙十路三段48號,0982-785-674,週一至六11：30～14：00、16：30～21：00（週日休）,d1903cb9.jpg
103,韓哥哥銅盤烤肉,新北市新莊區復興路一段203號,02-2990-0292,週一至日11：30～22：00,d7d89684.jpg
104,歐巴韓僑館,新北市樹林區中山路一段91號（樹林火車站後站廣場２樓）,02-8687-3131,週一至日11：30～14：00、17：00～21：00,eec2523e.jpg
105,O CAT CAFÉ,新北市三重區重新路四段29號1樓,02-2980-1399,週二至五11：30～19：00／週六、日10：30～19：00（週一、四休）,2b15d17b.jpg
106,Gamins稚時,新北市瑞芳區五號路125號,,週一、五至日12：00～20：00（週二、三、四休，採預約制，詳情請見粉絲專頁）,bca0139d.jpg
107,九份星塵景觀餐廳,新北市瑞芳區坑尾巷37之1號,02-2497-5816,週一至日11：00～14：30、17：00～21：00（週三休）,d818b799.jpg
108,瑞芳古早味三輪車割包,新北市瑞芳區中正路65號（7－11瑞信門市前、福哥牛肉麵對面）,0909-932-220,週一至日06：00～售完為止,60a58187.jpg
109,一口酥餅舖,新北市瑞芳區明燈路三段88號,02-2497-3015,週一至日凌晨04：00～12：00,e8233f4f.jpg
110,老街頭碳燒豆腐霜淇淋,新北市深坑區深坑街51號,0911-284-146,週一、三至五10：30～19：00／週六、日10：30～20：30（週二休）,21427364.jpg
111,北一綠豆沙牛奶,新北市深坑區北深路二段179-1號,02-2662-2638,週一至五11：00～19：30／週六、日11：00～20：00（週三休）,9626a834.jpg
112,樂華天下,新北市永和區永平路171號,0903-199-857,週一至日15：00～00：30,0998ccd1.jpg
113,麒麟閣沙茶火鍋,新北市永和區永和路二段57號2樓,02-2924-9259,週一至日11：00～14：50、17：00～22：50,22cb0678.jpg
114,智光上海鮮肉包,新北市永和區智光街117巷2號,0918-194-321,週二至日14：00～19：30（週一休）,fc0f5715.jpg
115,芭樂嬌七里香,新北市深坑區深坑街135號（集順廟口）,0918-884-035,週一至五10：30～18：00／週六、日10：00～19：30（賣完為止）,ba3a7862.jpg
116,海爺四號乾麵店（秀朗店）,新北市永和區秀朗路一段102號,02-2231-5196,週一至六12：00～14：30、17：00～20：00（售完為止，週日休）,588bfccd.png
117,甲量古早味枝仔冰,新北市新店區檳榔路36巷4號,02-2912-6276,週一至日10：00～20：00（僅夏季販售，詳情請見粉絲專頁）,4a337c32.jpg
118,台電林口電廠冰棒,新北市林口區菁湖里台電新村3號,02-2602-4100,週一至日09：00～18：00（每年約５月～10月期間營業，詳情請見粉絲專頁）,c68bf4bc.jpg
119,俞家肉粽,新北市石門區淡金公路104號,02-2638-3961,24小時營業,2a91276d.jpg
120,山野居蔬食,新北市板橋區莊敬路94號1樓,02-2255-7892,週一至日11：00～14：00、17：00～19：30（不定休，詳情請見店家粉絲專頁）,f56c8162.jpg
121,一水創意牛排（三重店）,新北市三重區重新路一段101號1樓,02-2970-1617,週一至日11：30～21：00,f747ab30.jpg
122,茶壺山小吃,新北市瑞芳區祈堂路53-3號,0933-897-831,週一至五09：00～15：30／週六、日08：30～19：00,a038d703.jpg
123,老礦工食堂,新北市瑞芳區祈堂路72-1號,0988-127-359,週一至五10：00～16：00／週六、日10：00～17：00（不定休）,71fb95ca.jpg
124,虎虎咖啡 自家烘焙,新北市永和區竹林路39巷3-1號,02-8925-1885,週一、三至日09：00～19：00（週二休）,931e7e49.jpg
125,范師傅 鐵板創意手作料理,新北市板橋區民生路三段56號,02-2257-5756,週二至日11：30～14：00、17：00～21：00（週一休）,6612bf75.jpg
126,望月樓,新北市板橋區新站路16號48樓（百揚大樓48樓）,02-7705-9703,週一至日11：30～14：30、18：00～21：30,7ea0bf86.jpg
127,鑫家鄉碳烤玉米（樹林店）,新北市樹林區博愛街33號（夜市土地廟前）,0907-461-858,週二至日15：00～22：00（週一休）,225e0c48.jpg
128,Smile脆皮雞蛋糕,新北市樹林區樹德街55號,0976-600-507,週一至六15：00～20：30（週日休）,7484b829.jpg
129,樹林紅麵線,新北市樹林區保安街1段22-5號,02-2683-1626,週二至六15：00～23：00（週日、一休）,cd581528.jpg
130,滴滴香茶行Di Di Shiang,新北市坪林區坪林34號,02-2665-7980,週一至日09：00～18：00,74e5b482.jpg
131,阿益魯肉飯,新北市板橋區裕民街64號,02-2256-3475,週一至日11：00～20：00（賣完為止）,da154fc6.jpg
132,漫山食樂（漫36）,新北市瑞芳區金光路36號,02-2496-2929,週一至日11：00~20：00,3426a85e.png
133,深澳港平價海鮮樓,新北市瑞芳區深澳路16-7號,02-2497-1168,週一至日11：00～14：00、17：00～20：00,aa3c7ce0.png
134,永康街燒臘店,新北市中和區連城路377號,0968-610-607,週一至六11：00～14：30、17：00～20：00（週日休）,e4e55371.jpg
135,吵三小羊肉專賣,新北市三重區集美街263號1樓,02-2970-3555,週二至日11：00～15：00、16：00～21：30（週一休）,5b742b92.jpg
136,口福壽司（板橋松柏店）,新北市板橋區松柏街2-1號,02-2250-7979,週一至日10：30～21：00,88e08955.jpg
137,南波One手作超營養三明治（板橋店）,新北市板橋區四維路269巷21號1樓,02-2258-6098,週二至日07：00～16：00（週一休）,30a46e78.jpg
138,珍珠奶茶X鍋燒意麵,新北市新莊區中平路198巷14號,0930-898-327,週一至日11：30～20：30（不定休，詳情請見粉絲專頁）,2ab945f0.jpg
139,4K手作烘焙,新北市三重區仁壽街133號,0926-091-908,週一至日11：00～19：00,4da58dec.jpg
140,傳品牛排（府中店）,新北市板橋區館前東路23號,02-2958-0708,週一至日11：30～22：00（不定期公休，詳情請見粉絲專頁）,64782b5d.jpg
141,三重田中臭豆腐,新北市三重區忠孝路三段40巷16弄10號,0988-815-106,週五12：00～20：00／週六、日11：00～20：00（週一至四休）,22b6e41d.jpg
142,千幸壽司,新北市永和區文化路9巷4號,02-2920-8840,週一至日11：30～13：30、17：00～20：00,41f07183.jpg
143,瑰季手作甜品,新北市板橋區府後街1巷2-1號1樓,0988-282-966,週二至六13：00～19：00（週一、日休）,17d44d73.jpg
144,山西麵霸王,新北市新店區光明街145號,02-2910-0156,週二至日12：00～15：00、17：00～21：00（週一休）,907c53e1.jpg
145,香珍鍋貼水餃專賣店,新北市中和區連城路318號,02-8221-1806,週一至日10：30～23：00,c8709bb0.jpg
146,承記鍋貼（新莊店）,新北市新莊區福壽街63號,02-2993-6648,週一至日11：30～13：30、16：00～20：30（不定休）,2e01abf9.jpg
147,云享小吃店,新北市新莊區中和街114號,02-2990-4596,週二至日11：00～15：00、17：00～21：00（週一休）,4c246008.jpg
148,羴羊生炒羊肉,新北市新莊區民安路301號,0968-196-623,週一至六10：30～13：30、16：30～21：00（週日休）,732521e0.jpg
149,正羊肉榮總店,新北市三重區光復路一段68巷20號,02-2999-8137,週一至六10：00～18：30（週日休）,c50dcf5c.jpg
150,員山排骨專賣店,新北市土城區青雲路182號,02-2261-2611,週一至五11：00～13：30、16：30～19：30（週六、日休）,1d477147.jpg
151,兩支北方麵食館（土城總店）,新北市土城區裕民路129號,02-2262-9888,週一至日11：00～14：00、17：00～21：00,e6493593.jpg
152,勇伯米粉湯,新北市新店區光明街57號1樓,02-2912-3478,週二至日09：00～20：00（週一休）,f7c5b180.jpg
153,貳室USroom•dessert,新北市三重區文化南路14號,0919-325-501,週一至日12：00～21：30,f896cf5f.jpg
154,和平大蛋餅,新北市三重區和平街31號,02-2977-7391,週一至五15：00～21：30（週六、日休）,65c3e72d.jpg
155,鐘點棧當歸鴨 鴨肉飯專賣店（樂華夜市總店）,新北市永和區保平路18巷8號,02-2920-2205,週一至日11：00～23：30（週二休）,295ec5b6.jpg
156,官記純檸檬泰式涼拌木瓜,新北市永和區永平路180巷1號,,週一至六17：00～23：30（週日休）,ae00700a.jpg
157,顏記深海旗魚串,新北市永和區永和路一段129號,0933-127-076,週一至日17：30～23：30（週三休）,6e45c047.jpg
158,下港排骨酥湯,新北市永和區保平路14號,02-2232-5739,週一至六11：00～13：55、17：00～20：25（週日休）,fe41db99.jpg
159,波霸櫻桃鴨燒臘便當（新莊店）,新北市新莊區中華路二段21號,02-2990-6676,週一至六10：30～14：00、16：30～19：30（週日休）,d4acf87a.jpg
160,中山豆花（得勝店）,新北市蘆洲區得勝街66號,02-8285-7557,週二至日09：00～22：30（週一休）,a29f19c9.jpg
161,金扶輪鐵板燒,新北市板橋區中山路一段2號B1,02-2956-0083,週一至日11：30～20：30,586d54ce.jpg
162,豐雞號（蘆洲店）,新北市蘆洲區長榮路148號1樓,02-2289-2606,週一至日11：00～14：00、17：00～20：00,482fc4ba.jpg
163,店小二魯肉飯,新北市三重區大同北路27號,02-2984-5567,週一至日11：00～21：30,710a7354.jpg
164,集美蚵嗲,新北市三重區重陽路一段103號,0933-046-573,週二至日11：30～20：30（週一休）,ec82f31c.jpg
165,阿北北古早味切仔麵,新北市三重區仁愛街310號,0925-516-898,週一至日11：00～21：00,206b595e.jpg
166,辰拉麵,新北市永和區文化路110號1樓,,週一至日17：00～20：30（不定休，詳情請見粉絲專頁）,1925d38d.jpg
167,酥鮮主義-蟹殼黃蔥酥餅,新北市新莊區四維路97巷之3,0939-257-436,週一至日10：00～20：00,893d084c.jpg
168,哈湯鍋,新北市新店區北新路三段76號,02-8914-6456,週一至日11：00～22：00（週三休）,8b2333aa.jpg
169,葉家蛋餅,新北市中和區員山路522號,0933-854-876,週一至六06：00～11：30、15：00～18：00（週日休）,bf6cbde4.jpg
170,土城廣式蔥燒餅,新北市土城區明德路一段236號,0910-013-157,週一至日14：00～18：00,6cbb2bf9.jpg
171,楓記麻辣鴛鴦火鍋（原齊味新店）,新北市新店區中央路119號,02-2219-1002,週一至日17：00～00：00（週三休）,a4d6aa65.jpg
172,饗大廚Feast STEAK,新北市新店區中正路177號,02-2911-0917,週一至五11：00～14：30、17：00～21：30／週六、日11：00～15：00、17：00～21：30,45f565ba.jpg
173,桂夫人手作肉桂捲專賣,新北市新店區中興路一段165號,02-2916-2998,週二至日10：00～18：00（週一休）,6c98540b.jpg
174,可口豬腳大王（中正店）,新北市新店區中正路314號,02-2913-6609,週一至日10：00～22：00,4a3c680e.jpg
175,重慶涼麵,新北市新店區三民路109號,02-8665-7535,週二至日10：00～22：00（週一休）,034d3615.jpg
176,天玥胡椒餅（蘆洲店）,新北市蘆洲區得勝街86號,0955-331-617,週一至日15：30～22：00（週二休）,2cfa9166.jpg
177,阿部玖肆地瓜球（蘆洲夜市店）,新北市蘆洲區得勝街68號,,週一至日14：00～18：30,c5e3b403.jpg
178,盧記藥燉排骨.盧記當歸土虱.香菇肉燥飯,新北市蘆洲區得勝街135號對面,0912-228-550,週一至日15：00～21：30,408972c9.jpg
179,凱哥小吃,新北市中和區國光街187號,02-2956-7142,週一至日11：15～23：30,4f2ef9f4.jpg
180,四十年甜甜圈雙胞胎,新北市三重區車路頭街109巷1號,,週一至日14：00～18：30,21751cbc.jpg
181,外婆的茶屋（三重永福店）,新北市三重區永福街291號,02-8283-9780,週一至四、週日10：00～20：30／週五、六10：00～21：00,5baa8054.jpg
182,永福鵝肉莊,新北市三重區永福街279號,02-2280-0298,週一至日10：00～23：00,04e0b491.jpg
183,一星名店人生的咖哩味,新北市中和區景平路258號,0905-918-494,用餐採預約制,a9427e28.jpg
184,樂華夜市三鮮羹,新北市永和區永平路146號樂華夜市內,,週一至四、日17：30～00：30／週五、六17：30～凌晨01：00,5460f568.jpg
185,江家小館,新北市永和區竹林路225巷50號,02-8928-8788,週一到日11：00～20：00（週二休）,c32a9530.jpg
186,金嘟美食站,新北市永和區福和路57巷14弄2號,02-2920-2783,週一至六06：00～21：30（週三、日休）,0665e5c9.jpg
187,阿蘭草仔粿,新北市瑞芳區基山街90號,02-2496-7795,週一至日09：00～20：30,b6207506.jpg
188,阿柑姨芋圓,新北市瑞芳區豎崎路5號,02-2497-6505,週一至五09：00～20：00／週六、日09：00～21：00,a0e02ff8.jpg
189,源珍潤餅捲,新北市板橋區民治街152號,0929-979-678,週一至五15：30～售完為止（週六、日休）,cd6416a4.jpg
190,下港蚵嗲,新北市板橋區大同街24-2號,0911-002-247,週一至日11：00～19：00,333c9800.jpg
191,奇郁炸雞,新北市板橋區江寧路三段119號,,週一至日15：30～20：00,2dd809ed.jpg
192,花蓮光復高麗菜煎餅（板橋店）,新北市板橋區松柏街1巷43號,0965-120-089,週二至日14：30～18：30（週一休）,38bc0557.jpg
193,斗六當歸鴨（新莊福壽店）,新北市新莊區福壽街13號,02-2994-9654,週一至日11：00～22：30（週六休）,37d99e7c.jpg
194,阿榮本家香菇肉粥,新北市中和區安平路184號,02-2943-5923,週二至日17：00～凌晨01：00（週一休）,1a51112a.jpg
195,板橋葉家藥燉排骨,新北市板橋區中山路二段441號,02-2962-0255,週一至六16：30～凌晨02：00（週日休）,98019ff7.jpg
196,三協香萬里蟹,新北市萬里區北部濱海公路（基金公路）,0939-309-766,週一至五10：00～18：00／週六、日09：30～18：30（週三休）,89b8ee8f.jpg
197,型男鵝肉店,新北市永和區福和路76巷12號,02-8925-3451,週一至日10：00～售完為止（週三休）,a20fd1ac.jpg
198,高雄羊肉爐,新北市三重區自強路二段98-1號,02-2983-2280,週一至日16：00～00：00,d34fd0fd.jpg
199,張吳記什錦麵（八里旗艦店）,新北市八里區忠四街47號,02-2619-2207,週一至日11：00～14：00、17：00～20：30 （週二、三休）,7e6d2f62.png
200,阿地桑豆花,新北市林口區中正路138號,02-8601-1400,週一至日11：00～22：00（不定期公休）,fa5c9922.png
201,宸軒園,新北市新店區安民街86號1 樓,02-8666-028,週一至日11：00～14：30、17：00～21：00,fc863c89.jpg
202,水上米泰式料理（永貞店）,新北市永和區永貞路404號1樓,02-8668-5899,週一至日11：00～14：00、17：00～21：00（週二休）,5921f137.jpg
203,一畝田咖啡輕食,新北市新店區安一路二段200-1號,02-2212-3886,週一至日11：30～18：00（週二休）,62b7cfca.jpg
204,好客肉圓,新北市板橋區四維路95號,02-2258-0796,週一至日09：00～20：00,a77b1d63.jpg
205,柒柒石頭火鍋,新北市蘆洲區長安街77號,02-2288-9477,週一至日11：30 ～22：00,570c29bf.jpg
206,老灶沙茶麻辣火鍋,新北市三重區仁愛街642號1樓,02-2287-3737,週一至五17：00～21：30／週六、日 11：30～14：00、17：00～22：00,ebdd1a65.jpg
207,行動咖啡Summer's Time,新北市林口區太平里汕頭1之1號,0906-292-614,週一至五08：00～18：00／週六、日08：00～19：00,bcde5e66.jpg
208,布娜飛比利時啤酒餐廳（板橋新埔店）,新北市板橋區縣民大道2段273號,02-8969-1766,週一至四、日11：30～00：00／週五、六11：30～凌晨01：00,5da2ce4e.jpg
209,老赤崁新美食,新北市新店區光明街43-1號,02-8914-5185,週一至日11：00～15：00、17：00～20：00（週三休）,a251c0ed.jpg
210,曾家薑母鴨,新北市鶯歌區中正三路472-1號,02-2670-3045,週一至日12：00～15：00 、17：00～22：00,4e45ae50.jpg
211,蒸翻天海鮮蒸氣火鍋餐廳（林口店）,新北市林口區仁愛路二段155號,02-2601-1151,週一至日11：00～14：00、17：00～22：00,154d7950.jpg
212,老占元拉麵大王,新北市林口區林口路120號,02-2602-2859,週一至六10：00～15：00、15：30～19：30（週日休）,2c41535a.jpg
213,拿靠早午餐（忠孝店）,新北市林口區忠孝一路9號,02-2600-8995,週一至日05：30～14：30,58824807.jpg
214,好適山坡GUHill,新北市三峽區竹崙路138號,02-2668-1186,週五至日11：00～19：00（週一至四休）,628ff126.jpg
215,MASSA restaurant and healthy corner,新北市板橋區建國街80-1號,02-8792-3280,週一至日12：00～23：30,53a6f53e.jpg
216,泰之初Brunch（江翠店）,新北市板橋區松柏街61號,02-2258-5228,週二至日10：00～15：00、17：00～21：00（週一休）,9f9fbd9f.jpg
217,Little World 拉丁美食 Latino's Cuisine,新北市中和區中安街178巷13弄9號,02-2926-5920,週二、四、五11：30～20：30／週三11：30～19：00／週六12：00～20：00／週日12：00～18：00（週一休）,195c3967.jpg
218,１號花園café,新北市板橋區中正路1巷16弄1號,02-2967-2958,週一至五11：00～18：00／週六、日11：00～21：00（週二休）,d7e50488.jpg
219,阿淑清蒸肉圓,新北市新莊區復興路一段141號,02-2997-5505,週一至日11：00～17：00（週六休，賣完為止）,98aeb5ca.jpg
220,今大關係餐飲麵（今大切仔麵）,新北市三重區大仁街23號,,週一至日06：00～22：00,c1496ad8.jpg
221,華暘香鵝肉飯專賣店（新莊店）,新北市新莊區新泰路341號,0903-951-299,週一至日11：～22：00,030ec020.jpg
222,蔡家津贊碗粿,新北市板橋區文昌街1-1號,02-2965-5371,週一至日10：00～22：00,cb01b88a.jpg
223,津菁炒飯,新北市板橋區四維路300號,02-2252-5680,週一至日11：00～21：00,21da3546.jpg
224,今日子涼面,新北市板橋區北門街22號1樓,02-8968-1833,週一至日11：30～20：30,931b04ab.jpg
225,全香豆花,新北市板橋區宮口街22號,02-2967-4625,週一至日10：00～22：00（不定期公休，詳情請見粉絲專頁）,619c4427.jpg
226,朝鮮味韓國料理（三重店）,新北市三重區自強路一段206號,02-2983-3332,週一至日11：00～21：30,e82d8d8e.jpg
227,深丘大腸蚵仔麵線,新北市板橋區新府路2-1號,0986-800-281,週一至五06：00～17：00／週六06：00～12：00（週日休，賣完為止）,1c7d7089.jpg
228,大胖肉焿（莒光店）,新北市中和區莒光路161號,02-2228-9015,週一至日06：00～20：30,68072d7f.jpg
229,燒肉哦爺（板橋府中店）,新北市板橋區館前東路48號2樓,02-8953-8153,週一至四17：00～21：00／週五至日12：00～21：30,4a67d12a.jpg
230,龍興大腸麵線,新北市板橋區龍興街68號,,週一至日07：30～售完為止,1b671074.jpg
231,永福臭豆腐,新北市三重區永福街125巷7號,,週一至六15：30～21：00（週日休，賣完為止）,ae77c73e.jpg
232,立馬吃一鍋。有機水產火鍋專賣 E.Ma Hot Pot,新北市板橋區中山路一段19號4樓,02-2951-1501,週一至日11：30～22：00,8af7d2f7.jpg
233,90's Dining Bar酒食人餐酒館,新北市板橋區中山路一段124號,02-2956-3861,週一至四、週日18：00～凌晨02：00／週五、六18：00～凌晨03：00,e723b76f.jpg
234,陳記蔥油餅,新北市三重區文化北路143號,0933-046-990,週二至日07：00～18：00（週一休）,9d304bd5.jpg
235,伍股鹹粥小吃店,新北市五股區成泰路三段433號,02-2292-0312,週一至日06：00～22：30,0a2572af.jpg
236,新店阿昌意麵,新北市新店區安和路二段175號,02-2212-8423,週一至六11：30～20：00（週日休）,b9b68910.jpg
237,台南煎粿,新北市中和區自治街28號,02-2228-1771,週二至日06：30～14：00／週六、日06：30～14：30（週一休）,27c63a3d.jpg
238,連甜不辣,新北市三重區三和路四段9號,0906-206-966,週一至六11：00～20：30（週日休）,5351f4db.jpg
239,鳥來伯專業糖葫蘆,新北市板橋區中山路一段50巷11號,,週一至日14：30～20：40（不定期公休，詳情請見Google地標公告）,cb383685.jpg
240,三攀泰 泰國料理（三重店）,新北市三重區自強路一段212號1樓,0902-385-220,週一至日11：30～14：00、17：00～20：30（週二休，其他日不定期公休，詳情請見粉絲專頁）,eb981992.jpg
241,雙龍炒飯,新北市板橋區區運路12號,02-2962-5545,週一至日11：00～21：00,6eba7826.jpg
242,Gentle coffee紳士咖啡,新北市板橋區文昌街22-1號,02-2960-1322,週一至日12：00～18：00（週三休）,fc1774bb.jpg
243,在一起One&Together,新北市板橋區文昌街24巷9號,02-2271-0506,週二至日09：30～19：30（週一休）,6338f488.jpg
244,角落utopia,新北市板橋區民族路83-1號,02-2951-5211,週二至日11：30～14：30、17 : 00～21 : 00（週一休）,4e57fa92.jpg
245,吉村·牛舌Yoshimura,新北市板橋區公館街110號,,週一至日11：30～15：00、17：00～20：30（不定休，詳情請見粉絲專頁）,0088884c.jpg
246,五燈獎豬腳魯肉飯（三重店）,新北市三重區自強路一段119號,02-2984-3029,週一至日11：00～20：00,71171dc9.jpg
247,悄藴 糕餅茶食,新北市板橋區中正路25巷11號,0932-911-299,週二至六10：00～17：00（週一、日休）,99bf5727.jpg
248,五月可朵,新北市板橋區懷仁街28號,02-2958-3131,週一至五11：00～19：00／週六12：00～18：00（週日休，其他日不定期公休，詳情請見粉絲專頁）,e057030a.jpg
249,小高拉麵,新北市永和區得和路413-1號,,週一至六11：00～15：00、17：00～23：30（週日休）,ecb36b93.jpg
250,倉津鍋物（三重店）,新北市三重區重新路二段48號1樓,02-2973-3377,週一至四11：30～凌晨01：00／週五11：30～凌晨02：00／週六11：00～凌晨02：00／週日11：00～凌晨01：00,20f133c8.jpg
251,無名炸物攤,新北市三重區五華街72號,,週一至日14：30～21：30（週二休）,c0249380.jpg
252,環南米苔目,新北市板橋區國光路189-3號,0932-052-521,週二至日11：00～20：00（週一、四休）,7cb3217b.jpg
253,３元水餃,新北市樹林區博愛街113號1樓,,週二至日17：30～售完為止（週一休）,20a29928.jpg
254,台南正宗碗粿肉粿,新北市板橋區館前西路138號,02-2271-0916,週二至日凌晨05：00～19：00（週一休）,27795d38.jpg
255,三豐雪冰城,新北市板橋區忠孝路196號,02-2956-2619,週一至六13：00～22：00（週日休）,b748cafc.jpg
256,福心包子饅頭（三重店）,新北市三重區新北大道1段60號,02-8985-3399,週一至日06：30～21：30,47462c1f.jpg
257,鍋賣局百元小火鍋（竹北家樂福店）,新竹縣竹北市縣政十街47號,03-558-8660,週一至日11：00～23：00,8196d0ca.jpg
258,J個甜,新北市永和區大新街33號1樓,02-2926-1151,週一至日11：30～20：00（售完為止）,c3049fdf.jpg
259,鬧蟬烘豆工作室,新北市永和區保順路15號1樓,,週一至日11：00～18：00（週二、三、四休）,7af5db07.jpg
260,樹慢扭法式甜點 C'est Manuel,新北市永和區文化路90巷24號,02-2233-1987,週一至日12：00～20：30（週二、三休）,4f281f18.jpg
261,減點糖 LessSugar,新北市永和區保福路二段41號,02-8231-7605,週一至五12：00～20：00／週六、日13：00～20：00（週一、二休),53c886f0.jpg
262,甜點櫃子,新北市永和區保平路262號,02-2927-0127,週一至日11：00～20：00,55843bfe.jpg
263,板橋凱撒Lotus蓮花泰式餐廳,新北市板橋區縣民大道2段8號2樓,02-8964-3955,週一至日11：30～14：30、17：30～21：30,7c4f37da.jpg
264,八條壽司（鶯歌店）,新北市鶯歌區南雅路435號,02-267-6880,週一至五 11：30～13：30、17：00～20：30／週六、日11：00～13：40、16：30～21：00,849e5d77.jpg
265,厚道飲食店（鶯歌旗艦店）,新北市鶯歌區尖山埔路79號,02-2677-7617,週一至五 11：00～14：30、16：30～19：00／週六、日11：00～15：00、16：00～19：00,f6b3e001.jpg
266,手工蒸餃,新北市淡水區學府路211-9號,,週一至六11：30～14：00、17：00～19：30（週日休）,7c21647b.jpg
267,津之芳生魚片專賣店（重慶店）,新北市板橋區重慶路290巷14號,02-8953-9923,週一至日13：30～20：30,f3387bb0.jpg
268,入魂燒味,新北市永和區大新街38號,02-8921-1981,週二至五17：00～21：00／週六、日12：00～14：00、17：00～21：00（週一休）,d63e3ec8.jpg
269,雲南婆婆滇緬小吃,新北市永和區大新街12號,02-8921-4879,週二至日11：30～14：30、17：00～21：00（週一休）,031240a7.jpg
270,金山碳烤三明治,新北市金山區中山路210-222號,0982-750-506,週一至日15：00～00：30（週三休）,6b559916.jpg
271,頂寮紅棗嬸涼麵,新北市萬里區頂社路49之1號,02-2498-2912,週一至日09：00～21：00,26d4d93a.jpg
272,海上日出海洋咖啡,新北市金山區海興路172-2號4樓,02-2498-4567,週一12：00～17：30／週六、日12：00～18：00（週二至五休）,2ddfac3b.jpg
273,TP MOTOR CLUB,新北市金山區海興路172-2號,02-2498-2596,週一至五11：30～19：00／週六、日11：00～20：00（週三休）,84a8d536.jpg
274,阿杰萬里蟹,新北市萬里區港東路162號,0987-844-838,週一至日11：00～21：00,8f2b18ab.jpg
275,謀魚蝦也蠔,新北市三重區仁政街121號,02-2970-3110,週一至五 17：00～03：00／週六、日 15：00～03：00（週二休）,3ca58de2.jpg
276,南波One雙胞胎&甜甜圈,台北市信義區虎林街108號,0958-106-461,週二、四15：00～19：00,d23fb246.jpg
277,萬金紅茶冰,新北市三重區中正南路10號,,週一至日11：00～16：00、17：00～19：00（週二休）,d482f409.jpg
278,福又又淡水魚丸,新北市淡水區中正路135-3號,02-2629-6860,週一至日09：00～20：30,746b3c64.jpg
279,阿婆壽司,新北市鶯歌區中正一路63號,02-2670-9345,24小時營業,bf1fea20.jpg
280,勇伯垃圾麵,新北市鶯歌區中正一路157號,02-8677-6000,週一至日16：00～22：00（不定休，詳情請見粉絲專頁）,602b1580.jpg
281,嘉家火雞肉飯,新北市新莊區中港路397號,02-8991-2672,週一、週四至日11：00～14：30、17：00～20：30（週二、週三休）,f9362e26.jpg
282,吃飯看海,新北市貢寮區香蘭街3-2號,0936-597-663,週一、週四至日11：00～18：30（週二、三休）,25baa1fb.jpg
283,福隆聰師傅海鮮,新北市貢寮區東興街26-3號,0932-689-633,週一至五10：30～14：30、17：00～20：30／週六、日10：30～20：30（不定休）,77438eae.jpg
284,饅頭的夏日冰店,新北市貢寮區興隆街16號,0922-752-987,週一至日11：00～18：30（不定休）,523a7bba.jpg
285,卯澳海洋驛站,新北市貢寮區福連街37號,02-2499-1617,週二至日10：30～19：00（週一休）,71ba343c.jpg
286,尚禾盈麵包店,新北市淡水區中山北路一段118-3號,02-2628-2027,週一至日08：00～22：00（週六休）,4abced3b.jpg
287,河南砂鍋手工扯麵,新北市三峽區光明路26號,02-2671-2067,週一至日10：30～20：30（週四休）,0327365a.jpg
288,龍洞灣海洋公園,新北市貢寮區龍洞街63-8號,02-2490-9258,週一至日08：00～17：00,4c0c8f77.jpg
289,老芋無刺虱目魚專賣店（板橋店）,新北市板橋區金門街215-1號,02-2675-0007,週一至日11：00～20：30（週四休）,58c0e700.jpg
290,控捌控控焢肉飯,新北市板橋區觀光街69巷2號1樓,02-2955-2278,週一至六11：30～15：00、17：00～21：30（週日休）,0f4a0e6b.jpg
291,封鮨食堂,新北市板橋區互助街27號,0980-081-429,週一至五11：00～14：00、17：00～21：00／週六、日11：00～14：00、17：00～22：00,110f458c.jpg
292,蚵四海小吃,新北市三重區長元街58號,02-2978-8993,週一至日16：00～22：00（週三休）,a884b490.jpg
293,拌麵左,新北市三峽區介壽路一段55號,0927-028-939,週一至六16：00～22：00（週日休）,56b2576f.jpg
294,厚道飲食店（三峽店）,新北市三峽區長福街10號2樓,02-2672-5262,週二至五11：00～14：30、16：30～19：00／週六、日11：00～19：00（週一休）,b07ec5ea.jpg
295,帝一嶺餐廳,新北市三峽區國光街177-5號,02-8671-7768,週一至日11：30～14：00、17：00～21：00,22cd9886.jpg
296,一派胡塩酵素臭豆腐（淡水中山店）,新北市淡水區中山北路一段36號,0908-782-627,週一至日11：00～21：00,813bb4b1.jpg
297,黃金三角臭豆腐,新北市汐止區中興路278號,0963-043-676,週一至日11：00～20：00（週二、三休）,389bc66c.jpg
298,港式脆皮臭豆腐,新北市三重區忠孝路三段50巷53號,,週一至日15：30～21：30（不定休，詳情請見店家粉絲專頁）,c8051af6.jpg
299,易百分肉蛋吐司早餐店,新北市板橋區公園街24號,02-2961-0831,週一至五07：00～13：30／週六、日08：00～14：30,8e8fc56a.jpg
300,外婆的茶屋（板橋中山店）,新北市板橋區中山路二段98號,02-2958-0077,週二至日12：00～20：00（週一休）,b2f437f7.jpg
301,朝食午宴Just Brunch,新北市板橋區東門街22號,02-2960-8018,週一至日09：00～16：30,b8907811.jpg
302,L'idée Sweet時甜（板橋店）,新北市板橋區倉後街18號,02-2965-7762,週二至日12：00～20：00（週一休）,0b33383a.jpg
303,Merci Vielle,新北市板橋區府中路50號2樓,02-8965-3906,週一至日13：00～22：00,793719ab.jpg
304,JUICY JEWEL就是這 精品水果,新北市板橋區縣民大道1段306號,02-2959-2627,週一至日11：00～20：00,a6bc4599.jpg
305,台灣蕃薯,新北市三重區三和路三段6號,0913-617-588,週一至六12：30～21：00（週日休，售完為止）,77c2cecc.jpg
306,煎包·小籠包,新北市三重區集美街199號,0922-284-381,週一至六06：00～19：30（週日休，不定期公休）,f822c53a.jpg
307,八月堂（大坪林概念店）,新北市新店區民權路46-3號,02-2865-0858,週一至日10：00～21：30（１樓）／11：00～21：00（２樓）,8b621bf4.jpg
308,筒蕭魯麻糬,新北市樹林區博愛街168號,02-2682-4313,週一至日16：00～23：30（週三休）,acdd8ce4.jpg
309,鐘及美味斗六當歸鴨（樹林店）,新北市樹林區博愛街143號,02-8687-3301,週一至日16：00～00：00,c9fc36a4.jpg
310,樂漢堡美式餐廳Lovss Burger（板橋店）,新北市板橋區漢生東路133號,02-2955-3025,週日至四11：00～21：00／週五、六11：00～22：00,e70db217.jpg
311,藏味拉麵,新北市中和區景安路132巷1號,,週二至日11：30～14：00、17：00～21：00（週一休）,113e6d91.jpg
312,郎港式鮮肉包,新北市板橋區江寧路三段43號,,週一至日14：00～20：00,95997e28.jpg
313,東加炸雞（總店）,新北市板橋區江寧路三段43號,,週一至日15：00～19：30（不定休，詳情請見粉絲專頁）,dcd4eca2.jpg
314,天天豆花,新北市板橋區民治街28號,02-2251-9205,週一至日14：00～22：00（週三休）,91c9aa4a.jpg
315,浪人情歌,新北市板橋區銘傳街76巷22號,0928-831-076,週一至日09：00～20：00（週二休）,72a2e9be.jpg
316,薟喫,新北市鶯歌區中正二路116號,0936-241-667,週一至日 11：00〜14：00、16：30〜19：00（週三、四休）,1ac262a4.jpg
317,狂一鍋（中和永貞店）,新北市中和區永貞路274號1樓,02-2927-5678,週一至五11：30～15：00、17：00～01：00／週六、日11：30～01：00,1f42e1dc.jpg
318,黑漾美日式手工蛋捲餅,新北市板橋區金門街151巷3弄2號,02-2675-0477,週二至日10：00～20：00（週一休）,dd6364b4.jpg
319,Merci créme,新北市板橋區漢生東路43巷34號,02-8253-6183,週一至日11：00～20：00,5c975080.jpg
320,小豬圓舞曲 Dessert Dance,新北市板橋區文化路二段125巷40號,02-2255-1785,週一至日13：00～20：00（週三休）,03228060.jpg
321,Ten Ten Den Den點點甜甜,新北市板橋區光正街45巷2弄2號,02-2960-2487,週一至日12：30～19：30,eb6020ee.jpg
322,巷弄甜點腳踏車 x 巷弄裡的噠噠聲,新北市板橋區民權路202巷5弄1號,,週三至日13：00～18：00（週一、二休）,75526e70.jpg
323,廣東仙子鴨莊,新北市三重區重陽路一段130巷12號1樓,02-2986-3369,週一至五11：00～14：00、16：00～19：30（週六、日休）,736a7051.jpg
324,鳳梨寶堡Pineapple Baby,新北市板橋區新海路135巷29號,02-2259-0661,週一至五07：00～13：30／週六、日07：30～13：30,827b6a04.jpg
325,炭吉郎居酒屋,新北市板橋區中山路一段295號1樓,02-2956-3879,週二至日18：00～凌晨00：30（週一休）,3137ee5a.jpg
326,北門田不辣,新北市板橋區北門街8號,02-2272-2070,週一至日11：30～20：00,68df2f0e.jpg
327,零下21度C綿綿冰,新北市板橋區北門街14號,0908-627-792,週一至日10：00～20：00,b135a215.jpg
328,極之好味The best way /車仔麵•冰室,新北市蘆洲區中央路179號1樓,02-8283-2188,週一至日11：00～22：00,51bc6e07.jpg
329,靠北邊叢山小,新北市石門區老崩山3號,02-2638-3132,週一、五至日11：00～18：00（週二至四休）,5d9a27b7.jpg
330,濠誠牛排（蘆洲店）,新北市蘆洲區民族路506號,02-2281-0677,週一至五11：30～14：00、17：30～21：00／週六、日11：30～21：00,57b70197.jpg
331,Horns Burger,新北市淡水區北新路184巷156號1樓,,週一至日07：30～20：30（週六休）,c7ec0dea.jpg
332,小島泰式料理（八里店）,新北市八里區觀海大道91號,02-2610-7999,週一至日11：00～22：00,e1c03554.jpg
333,今大魯肉飯,新北市三重區大仁街40號,02-2983-6726,週一至日06：30～21：00（週四休）,972c502b.jpg
334,北港龍門生炒鴨肉焿,新北市三重區龍門路134號,02-2973-1177,週一至六08：30～18：00（週日休）,ba633346.jpg
335,永順豆皮,新北市鶯歌區尖山路208號,02-2679-2921,週一至日08：00～18：00,d5f3ca80.jpg
336,福州兩相好（雙胞胎創始老店）－淡水直營店,新北市八里區渡船頭街30號,02-2619-4730,週一至日11：00～19：00,87720e26.jpg
337,正宗岡山羊肉,新北市土城區明德路二段72-3號,02-8273-2526,週一至日11：00～14：00、17：00～21：00（週二休）,fa9ca0cb.jpg
338,三芝煙燻小棧,新北市三芝區中興街1段27號,02-2636-8299,週一至日11：30～19：30（週三休）,0f696f48.jpg
339,林蜂肉粽,新北市三芝區智成街19號,0935-111-510,週一至日06：30～17：00,57b03ee7.jpg
340,PAPA在三芝,新北市三芝區陳厝坑76-1號,0955-030-849,無固定營業時間，每月依FB粉專公告為主,a9ef6c0b.jpg
341,我們在海邊,新北市三芝區北勢子12-1號,0972-273-988,週一至日11：00～18：00（週四休）,85982dbd.jpg
342,王家碳烤鋼管雞,新北市淡水區埤島里6鄰37號,0912-317-667,週六、日11：30～17：30（週一至五休）,04306535.jpg
343,福星阿嬤筍肉包,新北市淡水區淡金路四段6號,0933-063-169,週二至日09：30～賣完為止（週一休）,2c6501a6.jpg
344,小鳥吃吐司（板橋國慶店）,新北市板橋區國慶路184號,02-2951-1008,週一至日11：00～20：00,2b176678.jpg
345,二哲家牛肉麵．水餃專賣店,新北市板橋區實踐路90號,02-2963-6345,週一至日11：00～21：00,428c2e26.jpg
346,富爸爸手工水餃,新北市板橋區民治街38號,0986-966-113,週二至日11：00～13：30、17：00～20：00（週一休）,4d33056f.jpg
347,嶺腳小吃,新北市平溪區中山高速公路116號,0966-615-009,週五至日10：00～19：00（週一至四休）,da3f17f8.jpg
348,義聚東劉家水餃,新北市永和區中興街98號,02-8921-3000,週一至日16：30～20：00（週二休）,e52c9ec2.jpg
349,迴龍2元水餃,新北市樹林區龍興街31巷17號,02-2676-2991,週一至日08：00～19：30（不定期公休，詳見店家粉絲專頁）,7c165b4e.jpg
350,艷紅酒咖哩,新北市永和區永利路108號1樓,02-2232-6006,週一至日11：30～14：30、17：00～20：30,1bf42538.jpg
351,老楊黃金脆皮水煎包,新北市新店區中興路一段112號,02-2914-5089,週三至六 06：00～18：00／週日、一 06：00～12：00（售完為止，週二休）,1e53ab07.jpg
352,閑茗樓（永和店）,新北市永和區福和路247號,02-2928-6557,週一至日11：00～22：00,178c77ac.jpg
353,不一樣珍珠奶茶,新北市板橋區重慶路12巷1號,0976-532-162,週一12：00～21：00／週二至四12：00～22：00／週五至日12：00～23：00（不定休）,dc1dc96b.jpg
354,淡水魚丸（八里店）,新北市八里區中山路二段347號,02-2610-5592,週一至日07：15～18：00,70ce4c7c.jpg
355,麻吉奶奶鮮奶麻糬,新北市淡水區中正路220號,02-2626-0358,週一至日12：00～20：00,bdc8ba51.jpg
356,蒸美味小籠湯包,新北市淡水區真理街2號,02-2629-3338,週二至日12：00～20：00（週一休）,f34a7523.jpg
357,丹頂豆商行,新北市淡水區真理街1-1號,02-2626-2159,週二至日11：00～18：00（週一休）,ce2e845f.jpg
358,金山大碗螃蟹,新北市金山區金包里街44號,0920-989-201,週一至五12：00～18：00／週六、日11：30～19：30,2ef933e2.jpg
359,Bettino's Pizza Shop,新北市新店區華城路6-1號,02-2211-5352,週三至五16：00～20：00／週六、日11：00～20：00（週一、二休）,529c2810.jpg
360,大熊愛小熊'啾,新北市新店區安民街150號,0922-457-579,週一至六10：30～17：00（週日休）,5309c12e.jpg
361,運鈍根湯（新店分店）,新北市新店區祥和路1號,02-2212-1237,週一至四11：30～18：00／週五至日11：30～21：00,88792bf8.jpg
362,布佬廚房,新北市新店區車子路137號,02-8666-6181,週一至日11：00～15：00、17：00～21：00（週二休）,3d7ca5f6.jpg
363,屋哇炸蛋蔥餅,新北市泰山區明志路一段395號,02-2900-0110,週一至六14：00～22：00（週日休）,b610e8e0.jpg
364,阿平食堂,新北市五股區五福路19號,02-2292-9599,週一至四10：00～15：00、16：30～20：00／週六10：30～14：00（週日休）,7372bc5b.jpg
365,阿賢排骨便當,新北市三重區自強路三段14號,02-8983-0122,週一至六09：30～20：00（週日休）,6b80ba3a.jpg
366,妹子豆製所,新北市新店區安和路三段118號,0926-108-214,週二至日11：30～20：30（週一休）,5e0ba2fa.jpg
367,曼士茶Manstea（板橋府中店）,新北市板橋區四川路一段6號,02-2951-2620,週一至日11：00～21：30,eea3f50a.jpg
368,光興腿庫,新北市三重區光興街223號,02-2973-7085,週一至五11：00～13：30、16：30～19：30（週六、日休）,c9c042f2.jpg
369,mon âteau夢卡朵,新北市三重區光華路46號,02-8512-1231,週一至五08：00～17：00（週六至日休，須預訂）,83a496a4.jpg
370,喜鹿甜品,新北市蘆洲區中正路103號,02-8281-1575,週一至日11：00～22：00,9a1bb3b8.jpg
371,麻糬嫂,新北市三重區大同南路1-3號,0916-035-700,週二至日06：00～售完為止（週一休）,1b378944.jpg
372,Cozy coffee可集咖啡（集英門市）,新北市三重區集英路19號,02-2855-9525,週一至日07：00～21：00,7f032e65.jpg
373,日安寓所,新北市三重區三和路二段168巷32號,0989-160-008,週一至日12：00～19：00,1b1080a4.jpg
374,柒串燒屋（輔大店）,新北市新莊區中正路516-32號,02-2902-1770,週一至日17：00～凌晨02：00,977eb9b4.jpg
375,饞饞燒肉鍋物,新北市新莊區建國一路11號,02-2908-4608,週一至日11：00～00：00,92f1f698.jpg
376,麻麻號。排骨鴨血豆腐專賣,新北市新莊區中正路516-37號2樓,02-2901-3233,週一至日11：30～20：00,c6fe8884.jpg
377,和泰興食品,新北市板橋區陽明街3號,02-2257-5235,週一至日08：00～22：30,37ee4d7a.jpg
378,茶之鄉泡沫紅茶店,新北市新莊區民安路144巷9號1樓,02-2205-3071,週一至六11：30～23：00（週日休）,378b6953.jpg
379,珍棧神奇小吃,新北市三重區重陽路一一段44巷91號,0987-284-588,週二至日06：00～13：00（週一休）,0b0cd79b.jpg
380,蘿蔔糕小老闆,實際地址以店家粉絲專頁公告為主,,,23945af8.jpg
381,三重無名油飯,新北市三重區長壽街1號屋外西南側,,週一至日凌晨01：00～06：30,944866d7.jpg
382,汪派羊肉（蘆洲總店）,新北市蘆洲區成功路168號,0989-997-782,週一至日16：30～23：30,156cc728.jpg
383,四海泡泡冰,新北市三重區中央北路58-5號,0920-996-228,週一至日17：00～00：00,d816bc90.jpg
384,桔室–金桔檸檬,新北市三重區中央北路91號,0921-100-707,週一至日17：30～00：00,4c76bc54.jpg
385,顏媽媽紅油炒手,新北市三重區中央北路81號,0952-823-562,週一至日19：30～00：00（週六休）,5d138fda.jpg
386,阿文餛飩湯圓,新北市三重區中央北路66-60號,0916-132-528,週一至日17：30～23：30,ac4de15c.jpg
387,QQ蔬菜黃金蛋捲,新北市三重區中央北路49號,,週一至日17：30～23：00（不定期公休）,b012d66e.jpg
388,小楊脆腸,新北市三重區重新路一段87-12號,0926-958-868,週二至日17：00～00：00（週一休）,fb3fab12.jpg
389,三和夜市,新北市三重區中央北路,02-2986-2345,週一至日17：00～00：00,705a8401.jpg
390,林記炭燒臭豆腐,新北市新莊區新莊路317-1號,0939-331-229,週二至日15：00～22：30（週一休）,271406b6.jpg
391,淡水烤大學,新北市淡水區水源街2段102號,0958-309-601,週一至五10：30 ～14：00、17：00～20：00／週六、日11：00～20：00,b9b1bb0d.jpg
392,卡瓦蛋糕（永和永元店）,新北市永和區永元路105號,02-2926-3888,週一至四12：00～20：00／週五11：00～20：00／週六10：00～18：30（週日休）,ca72e48f.jpg
393,南勢角陽春麵,新北市中和區景新街467巷6號,02-2948-2286,週二至六17：00～凌晨01：00（售完為止，週一、日休）,32a0e283.jpg
394,二春外鍋燒專賣店,新北市三重區自強路一段27號,0986-018-023,週一至日11：00～23：00,899f5003.jpg
395,蛋白滷味,新北市三重區中央南路12號,0963-395-858,週三至六18：00～凌晨01：00（週日至二休）,91e746d9.jpg
396,鱻食堂龍蝦粥,新北市中和區信義街65號,0902-311-699,週一至日18：00～00：00,60ced9a6.jpg
397,短短DuanDuan貓咪中途之家咖啡廳,新北市板橋區仁化街64巷16號,0916-886-061,週一至六12：00～20：00／週日12：00～19：00（週三休）,87616a02.jpg
398,貓欸Camulet,新北市板橋區文化路一段270巷3弄6號,02-8258-1127,週二至日11：00～21：00（週一休）,4bad65ef.jpg
399,有乾人麻辣火鍋,新北市板橋區貴興路119巷6號,02-2957-5722,週二至五17：30～22：00／週六、日11：30～14：00 、17：00～22：00（週一休）,97df3fad.jpg
400,賴岡山羊肉,新北市新店區中正路244-4號1樓,0922-579-320,週一至三、五至日16：00～00：00（週四休）,39bd643d.jpg
401,開心城地瓜球（樂華夜市）,新北市永平區永平路96號對面,,週一至日16：30～23：30,23c59e49.jpg
402,林口海世界複合式碳烤店,新北市林口區惠民街36號,02-2606-9899,週二至五17：00～22：30／週六、日12：00～22：30（週一休）,b5430af0.jpg
403,吠柴手作餃子,新北市新莊區中港路537號,02-2277-6277,週三至日11：30～14：30、17：00～20：30（週一、二休）,4b53693f.jpg
404,峇里斯南洋海鮮百匯,新北市新莊區思源路,02-2992-0033,週一至五11：30～14：30、18：00～21：30／週六、日11：30～14：30、17：30～21：30,ec7254a5.jpg
405,Oh my!原燒（新北三重龍門店）,新北市三重區龍門路6-1號4樓,02-8983-9355,週一至五11：30 ~ 14：30、17：30 ~ 22：00／週六至日11：30 ~ 14：30、17：00 ~ 22：00,abb09fd8.jpg
406,樹林黑肉圓,新北市樹林區後站街3巷91-3號,0982-069-504,週二至日10：30～19：00 （週一休）,c5fcc144.jpg
407,碳厚囍,新北市樹林區樹新路140號,0908-628-678,週一、三至日06：30～12：30（週二休）,00068554.jpg
408,微間素生MI-KAN STUDIO,新北市板橋區篤行路三段玉平巷79號1樓,02-8687-3713,週一至日12：00 ~ 19：00 （週三休）,6b372cdc.jpg
409,臭味香麻辣臭豆腐,新北市板橋區大觀路三段236-12號,0958-177-958,週二至六19：30～00：00 （週日、一休）,4045f74e.jpg
410,想聚Mr.jardeng,新北市板橋區廣和街70號,02-8953-1855,週一至日11：00～15：30、17：30～20：30（週四休）,75e056a3.jpg
411,啊母啊姆鍋燒麵,新北市三重區重新路一段113號,,週一至五10：00～凌晨02：00／週六、日10：00～15：00、16：00～凌晨02：00,7b2a6f30.jpg
412,時光樹影 河岸景觀餐廳,新北市淡水區中正路251-1號,02-2622-2266,週一至四12：00～20：00／週五至日12：00～21：00,5779d625.jpg
413,心心漢堡,新北市板橋區新海路120號,02-2251-1099,週一至日11：00～16：00、17：00～21：30,95836129.jpg
414,老玩童礦坑咖啡,新北市平溪區靜安路二段11巷,02-2495-1728,週一09：00～16：00／週六、日07：00～18：00（週二至五休）,665d0607.jpg
415,雪釀餅-蘆洲店,新北市蘆洲區復興路88號,0987-229-482,週二至日14：00～19：00（週一休）,102d7a11.jpg
416,兩津芙蓉蛋塔（三峽店）,新北市三峽區民生街145號,02-8671-7678,週一至日09：00～20：00,dbda488c.jpg
417,阿熹羊肉麵,新北市新店區安和路三段101號,02-8668-0162,週一至日11：30～14：00、17：00～20：00 （週二休）,301f0e74.jpg
418,好吃土雞肉,新北市中和區成功路36號,,週一至六11：00～20：30（週日休）,241c18dc.jpg
419,泰北小館（永和店）,新北市永和區民生路46巷48號,02-2940-6839,週一至日11：30～14：00、17：00～21：30,fb449ff5.jpg
420,圈外咖啡Kengai Coffea,新北市中和區安平路222號,02-8668-8253,週一至日09：00～22：00,c1aef41a.jpg
421,紅堂新川菜餐廳（永和店）,新北市永和區民族街29號,02-2945-9191,週一至日11：00～14：00、17：00～21：00,3e76810f.jpg
422,부산韓雞龍蝦一隻雞（中和連城店）,新北市中和區連城路52號,02-2242-7830,週二至五17：00～00：00／週六、日12：00～00：00（週一休）,6a04968f.jpg
423,角之館,新北市樹林區保安街1段287-6號,0918-071-966,週一至日08：00～21：00,a490af01.jpg
424,珈琲瑀,新北市三峽區民生街186號２樓,02-8672-0204,週二至五08：30～13：30／週六至日08：30～14：30（週一休）,e04e09d4.jpg
425,月珍香大腸圈,新北市三峽區民生街186號2樓,02-2671-0364,週二至日08：00～13：00（賣完提早休息，週一休）,660f0d93.jpg
426,媽咪私房美食,新北市三峽區民生街186號1-2樓,0979-501-688,週二至日07：30～11：30（賣完提早休息，週一休）,ce3dc68b.png
427,老店淡水魚丸阿給,新北市淡水區中正路135-2號,02-2622-5862,週一至五11：00～19：00／週六、日10：00～20：00,86a399c0.jpg
428,阿媽的酸梅湯,新北市淡水區中正路135-1號,02-2621-2119,週一至日10：00～22：00,64653be8.jpg
429,紅林包子鋪景平店,新北市中和區景德街122號,02-2941-0658,週二至日07：00～15：00（賣完提前休息，週一休）,ce093d40.jpg
430,阿忠牛肉麵,新北市新莊區民安西路82號,02-8201-9898,週一、週三至六11：00～22：00／週日11：00～21：00（週二休）,339d925d.jpg
431,春金活海產,新北市石門區楓林17-8號,02-2638-2189,週一至日11：00～19：00,f78b9da2.jpg
432,海灣綠洲,新北市石門區楓林25-1號,02-2638-3250,週一至日11：00～19：00,a9e8bb16.jpg
433,淡水桂香草莓園,新北市淡水區淡金路二段608號之二旁右轉200公尺,0930-863-411,週一至日09：30～17：00,c3513c00.jpg
434,淡水富群休閒農園,新北市淡水區北新路一段129-1號,02-2628-2899,週一至五11：00～14：00、17：00～21：00／週六、日11：00～21：00（週二休）,6442b86c.jpg
435,豆司苑（中和南勢角店）,新北市中和區南山路320巷3號,02-2949-7910,週一至五06：00～14：30／週六、日06：00～15：00,6be7c13f.png
436,頭骨肉老店,新北市石碇區靜安路一段20號,0970-262-267,週二至日07：00～19：30（週一休）,8f2e67f3.jpg
437,蕃仔澳天福宮,新北市瑞芳區深澳路197-3號,02-2497-4575,週五至日 11：00～18：00（週一至四休）,4e6e9313.jpg
438,金益鯊魚羹（深澳店）,新北市瑞芳區深澳路151號,0932-070-345,週一至四10：00～19：00／週五至日10：00～19：30（週三休）,05ce20d5.jpg
439,米詩堤甜點王國（瑞芳門市）,新北市瑞芳區明燈路一段6-1號,02-2497-6296,週一至日09：30～18：00,55d80822.jpg
440,溫泉商店雞捲攤,新北市平溪區菁桐街,02-2495-1066,週一至日08：00～20：00,83e9b150.jpg
441,楊家雞捲,新北市平溪區菁桐街127號,02-2495-1065,週一至日09：15～17：15（週四休）,ee39ff10.jpg
442,大俠水煎包,新北市汐止區大同路二段312巷11弄1號,02-2648-7728,週一至日08：00～凌晨02：00,bef3307f.jpg
443,陳文甜不辣魚丸,新北市汐止區汐科路高架鐵路橋下,,週一至日15：00～20：00,2f5d32b9.jpg
444,阿義炸雞,新北市汐止區秀峰路與號汐科路交叉口（秀豐市場內）,,週二至日15：00～20：00（週一休）,0158b8b7.jpg
445,水餃飽店,新北市板橋區莊敬路80號,02-2255-9100,週一至六11：10～13：45、17：10～19：45（週日休）,1680851d.jpg
446,鮨跡日本料理,新北市板橋區文化路二段410巷10號,,週一至日11：00～13：30、17：00～20：00,8c5ba8ab.jpg
447,久天串燒居酒屋,新北市板橋區縣民大道1段300號,02-2955-4728,週一至日17：00～02：00,4c1d7a0d.jpg
448,美好時光‧八里,新北市八里區渡船頭街6-6號,,週四、週五12：00～18：00／週六、週日11：00～18：00（週一至三休，採預約制）,2a3ca142.jpg
449,囍富火鍋,新北市新莊區中港路282號,02-2996-9085,週一至五11：00～14：30、17：30～23：00／週六、日11：00～23：00,ed632fff.jpg
450,貓谷,新北市新店區雙城路175-3號,0905-651-494,週一至日11：00～13：30、14：30～17：00、18：00～20：30（週二至四休，採全預約制）,4fe0ffe4.jpg
451,阿玉姐水果飴,新北市三峽區民權街68號,0980-129-043,週一至五11：00～16：30／週六、日10：00～19：00,ffc2c5c4.jpg
452,徐媽媽醬菜茶,新北市三峽區長福街12號,02-2673-1899,週一至日10：00～18：30 ,0b300cb8.jpg
453,山泉水手工豆花,新北市三峽區民生街149號,02-2672-1669,週一至日09：00～22：00（週二休）,273e1433.jpg
454,鄭記古早味豬血糕,新北市三峽區民權街87號,0922-975-583,週一至五11：00～18：00／週六、日10：30～18：00（週二休）,7f85e694.jpg
455,里洋烘焙（新莊四維門市）,新北市新莊區四維路1號,02-2201-5752,週一至日09：00～22：00,920ec9d8.jpg
456,Elitfun茶品沙龍（板橋遠百店）,新北市板橋區新站路28號,0902-133-659,週一至五11：00～22：00（週六、日休）,39b9db2b.jpg
457,鐘予原味當歸鴨（淡水店）,新北市淡水區大忠街139號,02-2628-1069,週一至週日11：00～23：30,49cc8300.jpg
458,劉漣麵,新北市新店區光明街68號,02-2911-3053,週一至日11：30～14：00、17：00～21：00（週五、六休）,fa52c5ca.jpg
459,芭達桑原住民主題餐廳,新北市八里區觀海大道111號,02-8630-4612,週一至五11：30～14：00、17：00～21：00／週六、日11：30～22：00,1fdb334c.png
460,斗六當歸鴨（新莊四維店）,新北市新莊區四維路147號,0968-357-551,週一至日16：00～00：30,e7d14dda.jpg
461,Day Day！日日芋圓,新北市新莊區四維路171巷5號,0906-267-729,週一至六12：00～21：00／週日12：00～18：00,0236ae37.jpg
462,大四囍腿庫飯,新北市中和區秀朗路三段72號,02-8942-2999,週二至日11：30～19：30（週一休）,80a8ffac.jpg
463,家有璽事排骨吐司,新北市新店區復興路106-9號,,週一至日06：40～11：00（週四、五休）,add1e41c.jpg
464,海山米粉湯,新北市土城區裕民路44號,02-2270-0108,週一至日10：30～凌晨03：00,8ceeb0d5.jpg
465,日日鍋（新莊復興店）,新北市新莊區復興路一段205號1樓,02-8991-2020,週一至日11：30～14：00、17：30～21：30,a573ae9c.jpg
466,柳媽媽海鮮粥麵館,新北市金山區信義路2號1樓,02-2498-1212,週一至日 10：30～18：30（週二休）,c069a9a4.jpg
467,阿月野菜快炒,新北市金山區南勢湖陽金公路38號,02-2498-7622,週一至日 10：00～20：00（週三休）,3922d760.jpg
468,車頭鹹粥,新北市汐止區大同路二段617號,02-2641-5358,週一至五10：00～凌晨03：00／週六、日08：00～凌晨03：00,07318c51.jpg
469,黑肉圓,新北市板橋區中山路二段255巷5號,02-2956-9995,週一至六10：30～22：30（週日休）,89c3e21a.jpg
470,如意擔仔麵,新北市板橋區中山路二段287號,02-8952-9698,週一至日12：00～14：00、17：00～00：30,d25cde4d.jpg
471,上宇林（板橋裕民店）,新北市板橋區裕民街84號,02-2250-0313,週一至五10：30～23：00／週六、日10：00～23：00,692f50fd.jpg
472,醜女青草茶,新北市板橋區南雅東路29巷2號,02-8968-3358,週一至日19：00～00：00,ba6c0ce9.jpg
473,烤麵筋,新北市板橋區南雅東路87號,,週一至日17：30～凌晨01：00,f0696679.jpg
474,騎士捲,新北市板橋區南雅東路22-1號,0915-097-892,週一至日18：30～凌晨01：00,7673ec26.jpg
475,Merci cafe’,新北市板橋區新民街7巷17號,02-8953-3906,週一至日09：00～21：00,8b84de94.jpg
476,Asia 49亞洲料理及酒廊,新北市板橋區新站路16號49樓,02-7705-9717,週一至四11：30～14：30、18：00～00：00／週五11：30～14：30、18：00～凌晨01：00／週六11：30～凌晨01：00／週日11：30～00：00,6d52327f.jpg
477,月餐酒 Moon Bistro,新北市板橋區中山路一段35號2樓,02-2959-5016,週一至四、日18：00～凌晨02：00／週五、六18：00～凌晨02：30,1c43bc84.jpg
478,享鴨（板橋縣民大道店）,新北市板橋區縣民大道2段1號,02-2272-5808,週一至日11：30～14：30、17：30～21：00,a01f5d12.jpg
479,永久手工包子專賣店,新北市板橋區文化路一段435巷31弄4號,02-2258-1242,週一至六08：00～19：00／週日08：00～14：00,524c6a4b.jpg
480,稻町森法式甜點舖,新北市板橋區貴興路86號,02-2958-8806,週一至日13：00～19：00（週二休）,3a717f3b.jpg
481,豐園包子,新北市板橋區公館街21號,0932-120-774,週一至六12：00～20：00（週日休）,e1a925a3.jpg
482,長興餅店,新北市板橋區南門街58號,02-2968-5741,週一10：00～18：00／週二至日09：00～21：30（不定期公休，詳情請見粉絲專頁）,215be035.jpg
483,大碗公當歸羊肉,新北市板橋區四維路112巷2號,0976-476-567,週一至六16：00～22：30（週日休）,32729de8.jpg
484,小上海香酥雞,新北市板橋區裕民街79號,0976-725-155,週一至日16：30～23：30,de5cdccc.jpg
485,碗粿之家（板橋店）,新北市板橋區南雅南路一段49號,02-2966-1137,週二至五07：30～21：00／週六、日09：00～21：00（週一休）,9bc58af2.jpg
486,小喬新疆羊肉串,新北市板橋區仁化街84號,02-2259-6585,週一至日17：00～00：00,d71a2530.jpg
487,新莊羊肉榮,新北市新莊區後港一路160號,0958-830-003,週一至六06：30～15：00（週三、日休）,e43f9843.jpg
488,黃石謝家肉羹油飯,新北市板橋區後菜園街37號,02-2969-1145,週二至日08：00～14：00（週一休）,b53e45bb.jpg
489,永和葉記肉圓,新北市板橋區府中路44號,02-2969-2631,週一至日07：40～21：00,39813aab.jpg
490,信芳餅店,新北市板橋區南門街62號,02-2272-6278,週一至日09：00～21：30,d9fd5de8.jpg
491,路易莎咖啡LOUISA COFFEE（輔大概念店）,新北市新莊區建國一路55號,02-2901-2570,週一至日08：00～22：00,458e6e05.jpg
492,劉家肉粽（富基店）,新北市石門區富基里崁子腳58-18號,02-2638-0888,週一至五10：00～19：00／週六、日09：00～20：00,51ae76a6.jpg
493,Amajia阿嬤家咖啡漁村料理,新北市金山區磺港路189號,0965-282-535,週二至五11：00～14：00、17：00～20：00／週六、日11：00～20：00（週一休）,238f853e.jpg
494,阿嬌海鮮館,新北市萬里區漁澳80號,02-2492-6633,週一至日10：30～19：00,a395f61e.png
495,錢都日式自助涮涮鍋景安店,新北市中和區景安路169號,02-2949-1118,週一至日11：00～21：00,bb03182c.jpg
496,好食鍋吃到飽涮涮鍋（土城旗艦店）,新北市土城區中央路二段72號,02-2270-1441,週一至日11：30～21：30,ab90cff1.jpg
497,韓國「直火蒸」扁柏蒸食ｘ鐵火鍋-新店店,新北市新店區北宜路一段16號2樓,02-8914-6669,週一至日11：00～21：30,039c814f.jpg
498,bb.q CHICKEN（中和中漢店）,新北市中和區中山路三段186號,02-8228-2057,週日至四11：00～21：30／週五、六11：00～22：00,9791da30.jpg
499,澳門食娛城,新北市新莊區中正路435號,02-2202-1590,週二至五18：00～23：00／週六、日12：00～23：00（週一休）,2095f2af.jpg
500,鼻頭阿珠老店活海鮮,新北市瑞芳區鼻頭路115號,02-2491-1366,週一至日10：00～21：00,29d2e56e.jpg
501,阿生便當,新北市貢寮區朝陽街76號,02-2494-1023,週二至日08：00～15：00、16：30～18：00（週一休）,7966e788.jpg
502,青立方休閒農場,新北市新店區銀河路98號,02-2217-8768,週一至日10：30～18：00,4aa301c5.jpg
503,大胖活海產,新北市淡水區觀海路（漁人碼頭商店街）,02-2805-1178,週一至日10：30～23：30,6c15a6e9.jpg
504,BinmaArea134,新北市淡水區北新路三段134號,02-2623-6351,週一至日11：00～19：00,a04859e4.jpg
505,亨米廚房 Henmi Kitchen,新北市淡水區新市一路三段101巷140號,02-2626-2329,週一至日11：30～15：00、17：00～21：00,796bfa94.jpg
506,浪花丸かき氷・淡水分号,新北市淡水區中正路233-2號1樓,02-2628-2727,週一至五13：00～19：00／週六、日12：00～20：00,222eb994.jpg
507,追樂-職人椰子雞鍋,新北市板橋區重慶路251號1樓,02-2955-8933,平日11：30～15：00、17：00～22：30／假日11：30～22：30,e6dea431.jpg
508,王氏豆腐,新北市石碇區石碇東街85號,02-2663-1976,週三至五10：00～17：00、週六至日17：30～18：00,acf08396.jpg
509,美美飲食店,新北市石碇區石碇東街71號,02-2663-1986,週一11：00～15：00、週三至五11：00～18：00、週六至日11：00～18：30（週二休）,1feed195.jpg
510,古早味蚵嗲（板橋懷念蚵嗲）,新北市板橋區三民路二段1號,02-2955-7377,週一至日10：00～21：00,7d032866.jpg
511,海邊走走（淡水生活概念總店）,新北市淡水區公明街37巷6號,02-2626-7062,週一至日10：00～19：00,cdbf8485.jpg
512,百葉溫州餛飩,新北市淡水區中正路177號,02-2621-7286,週一至日10：00～14：00、16：00～20：00（週四休）,cc174d81.jpg
513,可口魚丸,新北市淡水區中正路232號,02-2623-3579,週一至日08：00～16：00,b74d45e4.jpg
514,來吧Sunset,新北市板橋區縣民大道2段122號,02-2963-2270,週一至日18：00～凌晨01：45,049edb14.jpg
515,牛仔莊園,新北市三芝區古庄108-1號,02-2636-5666,週一至日10：00～21：00,f7509371.jpg
516,台南林無刺虱目魚,新北市三重區大智街173號,02-2980-2005,週二至日06：30～13：30、15：00～19：30（週一休）,02612081.jpg
517,蛋願古早味現烤蛋糕,新北市樹林區博愛街89號,02-2683-9819,週二至日10：00～20：00（週一休）,840b6f27.jpg
518,奶油先生Mr. Butter Café,新北市板橋區松江街107號,02-2253-6309,週五14：00～19：00／週六、日12：00～19：00（週一至四休，其他日不定期公休，詳情請見粉絲專頁）,8e9fa082.jpg
519,旭舊咖啡,新北市板橋區中山路一段206巷39號,,週一至五11：00～19：00／週六、日11：00～20：30,69b1b412.jpg
520,水上米,新北市新莊區幸福路821號,02-8789-9789,週一至日11：00～14：00、17：00～21：00,8e56a942.jpg
521,萬白糖粿蕃薯椪（三重店）,新北市三重區信義西街10號,0918-196-859,週一至日10：30～20：00（週四休）,c9b3efb4.jpg
522,老曾碳烤燒餅,新北市三重區長安街35號,02-2941-6728,週二至六07：00～12：30、13：30～16：30／週日07：00～13：00（週一休）,fd99b863.jpg
523,邱記北平烤鴨,新北市板橋區信義路201號,02-2950-6002,週二至五14：00～20：00／週六、日11：00～20：00（週一休，賣完為止）,211501d8.jpg
524,北城脆皮烤鴨（板橋新埔店）,新北市板橋區民生路二段228號,02-2255-9228,週一至日10：30～19：30（週三休）,e94c922b.png
525,何家甜品鋪（新莊幸福店）,新北市新莊區中和街156號,0908-513-215,週一至日11：30～23：30,923770b4.jpg
526,BinmaArea134,新北市淡水區北新路三段134號,02-2623-6351,週一至日11：00～19：00,a04859e4.jpg
527,亨米廚房 Henmi Kitchen,新北市淡水區新市一路三段101巷140號,02-2626-2329,週一至日11：30～15：00、17：00～21：00,796bfa94.jpg
528,浪花丸かき氷・淡水分号,新北市淡水區中正路233-2號1樓,02-2628-2727,週一至五13：00～19：00／週六、日12：00～20：00,222eb994.jpg
529,追樂-職人椰子雞鍋,新北市板橋區重慶路251號1樓,02-2955-8933,平日11：30～15：00、17：00～22：30／假日11：30～22：30,e6dea431.jpg
530,王氏豆腐,新北市石碇區石碇東街85號,02-2663-1976,週三至五10：00～17：00、週六至日17：30～18：00,acf08396.jpg
531,美美飲食店,新北市石碇區石碇東街71號,02-2663-1986,週一11：00～15：00、週三至五11：00～18：00、週六至日11：00～18：30（週二休）,1feed195.jpg
532,古早味蚵嗲（板橋懷念蚵嗲）,新北市板橋區三民路二段1號,02-2955-7377,週一至日10：00～21：00,7d032866.jpg
533,海邊走走（淡水生活概念總店）,新北市淡水區公明街37巷6號,02-2626-7062,週一至日10：00～19：00,cdbf8485.jpg
534,百葉溫州餛飩,新北市淡水區中正路177號,02-2621-7286,週一至日10：00～14：00、16：00～20：00（週四休）,cc174d81.jpg
535,可口魚丸,新北市淡水區中正路232號,02-2623-3579,週一至日08：00～16：00,b74d45e4.jpg
536,來吧Sunset,新北市板橋區縣民大道2段122號,02-2963-2270,週一至日18：00～凌晨01：45,049edb14.jpg
537,牛仔莊園,新北市三芝區古庄108-1號,02-2636-5666,週一至日10：00～21：00,f7509371.jpg
538,台南林無刺虱目魚,新北市三重區大智街173號,02-2980-2005,週二至日06：30～13：30、15：00～19：30（週一休）,02612081.jpg
539,蛋願古早味現烤蛋糕,新北市樹林區博愛街89號,02-2683-9819,週二至日10：00～20：00（週一休）,840b6f27.jpg
540,奶油先生Mr. Butter Café,新北市板橋區松江街107號,02-2253-6309,週五14：00～19：00／週六、日12：00～19：00（週一至四休，其他日不定期公休，詳情請見粉絲專頁）,8e9fa082.jpg
541,旭舊咖啡,新北市板橋區中山路一段206巷39號,,週一至五11：00～19：00／週六、日11：00～20：30,69b1b412.jpg
542,水上米,新北市新莊區幸福路821號,02-8789-9789,週一至日11：00～14：00、17：00～21：00,8e56a942.jpg
543,萬白糖粿蕃薯椪（三重店）,新北市三重區信義西街10號,0918-196-859,週一至日10：30～20：00（週四休）,c9b3efb4.jpg
544,老曾碳烤燒餅,新北市三重區長安街35號,02-2941-6728,週二至六07：00～12：30、13：30～16：30／週日07：00～13：00（週一休）,fd99b863.jpg
545,邱記北平烤鴨,新北市板橋區信義路201號,02-2950-6002,週二至五14：00～20：00／週六、日11：00～20：00（週一休，賣完為止）,211501d8.jpg
546,北城脆皮烤鴨（板橋新埔店）,新北市板橋區民生路二段228號,02-2255-9228,週一至日10：30～19：30（週三休）,e94c922b.png
547,何家甜品鋪（新莊幸福店）,新北市新莊區中和街156號,0908-513-215,週一至日11：30～23：30,923770b4.jpg
548,劉家豆花,新北市新莊區四維路103號,0975-748-797,週一至日12：00～22：00,117f9fce.jpg
549,三重牛乳大王,新北市三重區重新路二段73號,02-2989-5718,週一至日09：30～23：30,054cbcfe.jpg
550,朱記花枝羹,新北市三重區正義北路51號,02-2985-8256,週一至日08：10～22：30（週二休）,983a5b38.jpg
551,餓店蒸氣吐司,新北市三重區大榮街54-1號,02-8988-2966,週五至一08：00～14：30（週二至四休）,4c13abad.jpg
552,洪記涼麵,新北市中和區連城路469巷1號,02-3234-4870,週一至日06：30～19：00,7eb27425.jpg
553,小樂精緻麵食館（寶僑店）,新北市新店區寶橋路67號,02-2910-3237,週一至五、日11：30～20：30（週六休）,69d773a2.jpg
554,金山紅 紅地瓜乳酪蛋糕專賣店,新北市金山區金包里街40號,02-2498-6616,週一至五10：00〜19：00／週六、日10：00〜20：00,6c8ec263.jpg
555,蘆洲大廟口切仔麵,新北市蘆洲區得勝街6號,02-2848-4795,週一至日 06：00～15：30,9c9975c9.jpg
556,狠生氣日式燒肉冰淇淋吃到飽,新北市永和區永和路二段318號,02-2928-6385,週一至日12：00～凌晨01：00（不定期公休）,a7f3cd4d.jpg
557,二良脆皮烤饅頭,新竹縣竹北市嘉興路358號,0906-818-868,週一至日15：00～售完為止（週四、六休）,f43e60e8.jpg
558,嗜甜,新北市淡水區北新路184巷142弄23號,02-8631-9260,週一至五13：00～21：00／週六、日14：30～21：00,d71ae45d.jpg
559,老地方手工小籠湯包,新北市三芝區淡金路二段21號,02-2636-7711,週二至日11：00～20：30（週一休）,6dbfe5c9.jpg
560,淡水文化阿給,新北市淡水區真理街6-4號,02-2621-3004,週一至五06：30～18：00／週六、日06：30～19：30,b88697ca.jpg
561,QM159清琳咖啡,新北市三峽區中山路65號,,週一至日11：00～19：20,abd97d05.jpg
562,市場口木瓜牛奶專賣店,新北市三重區中央北路26號,0918-522-293,週一至日16：00～00：00,59d821cc.jpg
563,慈祐宮無名潤餅捲,新北市新莊區新莊路218號,0922-868-572,週二至日16：00～21：00（週一休）,4fef1d81.jpg
564,朋月栻-韓雞雞•江原道-宗음식《含吃一隻雞》（新莊創始店）,新北市新莊區中正路889-2號,02-2901-0899,週一至五17：00～23：00／週六、日12：00～00：00,57c3c108.jpg
565,平溪古早味麵茶,新北市平溪區平溪街35號,0958-521-525,週一、二11：00～19：15／週五至日10：30～20：00（週三、四休）,4b4e8938.jpg
566,鐵道熱腸-平溪香腸雞排,新北市平溪區平溪街18號,02-2495-2032,週一至日10：00～17：00,53d8f4f5.jpg
567,蕭家下港脆皮臭豆腐,新北市中和區新福和街20號,02-2249-2487,週二至日16：00～23：30（週一休）,358c225a.jpg
568,蘭笑軒-深夜和牛肉飯（板橋湳雅號）,新北市板橋區南雅東路220號43之11號（板橋湳雅夜市裡）,0968-459-077,週一至日18：30～23：30（遇雨不出攤，實際時間詳見FB公告）,4368f417.jpg
569,龍濱大腸麵線,新北市三重區龍濱路239號,0935-180-482,週一至日06：10〜18：30 ,3877788e.jpg
570,阿倍麵線,新北市三重區忠孝路三段50巷16號,02-2988-1269,週一至六07：00～19：00（週日休）,6f8d4d93.jpg
571,富式金蛋捲&銅鑼燒,新北市新店區建國路213號,02-2219-0129,週一至日12：00～19：00,58167987.jpg
572,賴師傅烘焙坊,新北市中和區景平路278巷14弄15號,02-2949-7074,週一至六11：00～19：00（週日休）,42ed9710.jpg
573,宏宜烘焙坊,新北市中和區員山路261號,02-2221-3028,週一至日07：30～22：30,2d6e95be.jpg
574,老日香餅舖,新北市新莊區中正路514巷53弄41號,02-8992-1216,週二至日12：00～18：00（週一休）,2b6709da.jpg
575,鎧樂餅舖,新北市新莊區中榮街11號,02-2277-3885,週一至六10：00～20：00（週日休）,6ac88c4a.jpg
576,陳記豆腐養生恬點,新北市石碇區石碇東街77號,02-2663-2555,週一至日10：00～18：00,496c1bd9.jpg
577,深坑三拾堂食府,新北市深坑區深坑街158號,02-2662-1666,週一至日11：30～17：00（週二休）,bbf4694d.jpg
578,兩餐韓國年糕火鍋-新莊店,新北市新莊區幸福路736號,02-8991-0102,週一至日11：00〜22：00,0142e40a.jpg
579,鳳客家米食,新北市板橋區德興街31號,0972-306-130,週三至日06：30～13：00（週一、二休，賣完為止）,3037fffa.jpg
580,丸輪食堂（丸輪關東煮）,新北市板橋區南雅東路8號,0916-998-850,週一至日18：00～23：00（週二、三休，其他日不定期公休，詳情請見粉絲專頁）,2a2e94dc.jpg
581,果汁媽粉條爸,新北市板橋區民生路二段230-1號,0910-000-220,週一至六15：00～19：00（售完為止，週日休）,605fa26b.jpg
582,東華川府重慶老火鍋（板橋店）,新北市板橋區縣民大道2段112號,02-2962-5001,週一至日17：00～凌晨01：00,e9b59fbb.jpg
583,太極鰲車輪餅,新北市板橋區漢生西路128號,0953-118-118,週一至六11：00～21：00（週日休，其他日不定期公休，詳情請見粉絲專頁）,9858fbb3.jpg
584,粉漿蛋餅,新北市板橋區光正街11號,02-2967-9738,週一至五凌晨05：10～10：40（週六、日休）,634557d9.jpg
585,馬崗哨所Empress Gallery,新北市貢寮區馬崗街2-11號,,週三至日11：00～18：00（週一、二休）,07995ed8.jpg
586,老曹餛飩,新北市板橋區茶館街11號,02-2968-0116,週一至日06：00～20：00（週四休）,aef043e1.jpg
587,阿薇緬甸小吃店,新北市中和區景新街27號,02-2948-6964,週一至五06：00～14：00／週六、日06：00～15：00（週三休）,eda2c28a.jpg
588,眼鏡仔豬血湯（創始店）,新北市板橋區南雅東路27號,02-2960-0011,24小時營業,c96e8427.jpg
589,雞窩鹹酥雞（湳雅夜市）,新北市板橋區南雅東路100巷1號,02-2274-8735,週一至日16：00～凌晨02：00,3e732df7.jpg
590,王記好吃麻油雞,新北市板橋區南雅東路8號（勝利百貨前）,,週一至日17：30～凌晨01：00,0b2e18d0.jpg
591,板橋小籠包,新北市板橋區南雅南路一段79號,02-2967-7818,週一至六16：00～凌晨01：30／週日16：00～凌晨01：00,f172b6b4.jpg
592,小野牛牛排館（湳雅夜市）,新北市板橋區南雅東路27-5號,02-2966-3971,週二至日17：00～凌晨01：00（週一休）,971ddb6d.jpg
593,錵饌 真．麵舖,新北市板橋區文化路二段125巷38號,02-8259-5189,週一至日11：00～14：00、16：30～20：00,70113681.jpg
594,新疆烤饢,新北市板橋區仁愛路62巷15弄2號,0933-733-206,週二至日15：00～20：30（週一休，售完為止）,b64da5b6.jpg
595,梅華珍素食牛舌餅,新北市板橋區五權街27號,02-2597-9195,週一至五09：00～20：30／週六09：00～18：00（週日休）,c4749d4f.jpg
596,老姐弟麵線甜不辣專賣店,新北市永和區文化路148號,02-2925-8321,週二至日12：00～20：00（週一休）,2fde9c5f.jpg
597,野事草店 Wild Herbs Gallery,新北市瑞芳區輕便路147號,02-2363-6268,週一至日10：30～18：00（週二、三休）,362bea20.jpg
598,甜蜜屋 Home Sweet Home,新北市瑞芳區洞頂路155-3號,02-2496-2258,週五11：00～15：30／週六、日11：00～15：30、16：30～00：00（週一至四休）,193f8543.jpg
599,太禓食品,新北市汐止區忠孝東路487-1號,02-8648-5848,週一、二09：00～19：00／週三至五10：00～19：00（週六、日休）,27a7fb5d.jpg
600,好米芽,新北市新莊區新樹路497巷11號,02-8201-5588,週一至五08：30～17：30,f88ddd66.jpg
601,樹林大眾牛排,新北市樹林區博愛街52號,02-2681-3907,週二至日17：00～凌晨01：00（週一休）,f0c67157.jpg
602,阿國甜不辣麻辣麵線,新北市板橋區館前東路25號,,週一至六21：00～凌晨03：30（週日休，其他日不定期公休，詳情請見店家IG）,09f82c5a.jpg
603,老順香餅店,新北市新莊區新莊路341號,02-2992-1639,週一至日09：00～22：00,60252fad.jpg
604,鴨味仔薑母鴨（永和店）,新北市永和區永亨路131號,02-8921-3717,週一至日16：00～00：00,21b6d7a9.jpg
605,我家牛排（中和店）,新北市中和區建一路92號,02-2240-5530,週一至日11：00～22：00,fd3b3ed7.jpg
606,板橋祖傳筒仔米糕,新北市板橋區懷德街76巷1號,0935-062-035,週一至日06：00～15：00（不定休，詳情請見粉絲專頁）,ca1eb76a.jpg
607,水灣BALI景觀餐廳（八里店）,新北市八里區觀海大道39號2樓,02-2619-5258,週一至五12：00～19：30／週六、日12：00～20：30,403ac81f.jpg
608,油庫口蚵仔麵線,新北市板橋區文化路一段188巷44號,02-2257-6445,週一至日09：30～19：00,75d5d119.jpg
609,金山跳石沒有名字的咖啡店,新北市金山區跳石4號,02-2408-1952,週一至五12：00～18：00／週六、日11：00～19：00,b0e60835.jpg
610,阿爸の芋圓（樂華店）,新北市永和區保平路18巷1號,02-2924-7461,週一至日14：30～23：00,f125b6f6.jpg
611,阿城鵝肉（土城總店）,新北市土城區清水路78號,02-8261-9747,週一至日11：00～20：00,fcc09185.jpg
612,竹林雞肉（永和總店）,新北市永和區竹林路39巷13號,02-8925-0096,週一至日11：00～14：00、16：00～19：30,059e38be.jpg
613,林記香菇肉羹,新北市新莊區新莊路344號,02-2276-3647,週一至日08：00～18：00,821b3237.jpg
614,食不厭,新北市瑞芳區金光路221號,02-2496-1231,週一至五11：30～14：00、17：00～20：00／週六、日11：00～14：30、17：00～20：00,39302ce1.jpg
615,鳳甜烘培Feng bakery,新北市板橋區光正街18巷9號,0908-312-332,週二至日12：00～19：00（週一休）,9f3b03d6.jpg
616,50樓Café,新北市板橋區新站路16號50樓,02-7705-9723,週四至日11：30～14：00、18：00～21：00（週一至三休）,288619dd.jpg
617,56巷口湯包,新北市板橋區裕民街56巷1號,0963-221-258,週一至日16：30～23：00（週三休）,635c36ba.jpg
618,阿瑞官粿店,新北市新莊區新莊路49號,02-2992-8796,週二至日08：00～17：00（週一休）,14937ecb.jpg
619,兩津號雞肉飯,新北市板橋區四維路98-1號,02-2253-5735,週一至日11：10～14：00、16：00～19：30,4c2ba969.jpg
620,藝爐晏,新北市汐止區中興路100號,02-2691-9328,週二至五12：00～14：30、17：30～22：00／週六、日及國定假日12：00～22：00（週一休）,97f00c10.jpg
621,閹豬切仔麵,新北市新莊區中正路139號,0989-019-113,週一至六06：40～13：00（週日休）,4f0be452.jpg
622,信義公園旁水煎包,新北市三重區文化北路49號對面,0960-765-896,週二至日06：00～20：30（週一休）,02f548d0.jpg
623,麥釀,新北市蘆洲區三民路143號,022-2282-5333,週二至六15：00～20：00（週一、日休）,e487b0cd.jpg
624,（葉）蘆洲手工小籠包,新北市蘆洲區信義路306號,0935-723-311,週二至日06：30～12：30 （週一休）,0c63fa77.jpg
625,新莊無名QQ蛋芝麻球,新北市新莊區建豐街2號,,週一至日14：30～21：30（不定期公休，詳情請見粉絲專頁）,8c6a17ad.jpg
626,高記生炒魷魚,新北市板橋區宮口街28號,02-2960-3503,週二至日08：00～17：00（週一休）,612bfb0a.jpg
627,韓蚌蚌海鮮研究院,新北市新莊區中正路435號1樓,02-8201-0307,週二至五17：00～23：00／週六、日12：00～14:00、17：00～23：00（週一休）,75990495
628,NineSky九天,新北市三峽區中山路651巷53號,0958-091-799,週一至五11：00～19：00／週六、日11：00～20：00（週二、三休）,713480f9.jpg
629,禾乃川國產豆製所（三峽合習門市）,新北市三峽區民權街84巷12-1號,02-2672-8121,週一至五09：00～18：00／週六、日09：00～19：00,2db73507.jpg
630,富士商號,新北市三峽區中園街11號,02-2673-2010,週二至日06：00～13：00（週一休）,4644c73f.jpg
631,真本家 真角燒 x 雞蛋糕,新北市三峽區長福街2號,02-8671-1882,週一至五11：30～20：00／週六、日11：00～20：00（週二休）,2b94cdd1.jpg
632,昭和元年JAPAN專業早午餐,新北市永和區得和路131號1樓,02-2925-9131,週一至日11：00～14：00、17：00～21：00,e6e4c682.jpg
633,YELO Seoul Bistro首爾餐酒館,新北市板橋區縣民大道1段308號,02-2952-9288,週一至五17：00～00：00／週六、日12：00～00：00,6080a938.jpg
634,港都熱炒（中和總店）,新北市中和區大勇街12號,02-2940-6751,週一至日17：00～凌晨01：00,381ee346.jpg
635,圓點珈琲,新北市板橋區新海路5號,02-2254-3419,週一至日09：00〜21：30,0713aec9.jpg
636,彭園婚宴會館（新店館）,新北市新店區北新路三段219號2樓,02-2911-5100,週一至日11：30～14：00、17：00～21：00,c14b0113.jpg
637,食感旅程法式手工烘焙,新北市三重區仁美街45號,02-8287-3036,週一至日11：00～17：00,5a693f4b.jpg
638,熊越岳,新北市新莊區幸福路736號B1（JC PARK食尚廣場 新莊幸福館）,,週一至五11：00～14：00 、17：00 ～21：00／週六、日11：00～21：00,a0cb2972.jpg
639,銘記越南美食,新北市汐止區康寧街536-1號,02-2692-7015,週二至五11：30～15：00、17：00～21：00（週一休）,7059aa3f.jpg
640,尋麻記,新北市板橋區民權路8號,02-2952-7733,週一至日11：30～14：00、17：30～21：30,bd1837cf.jpg
641, 六必居潮州沙鍋粥,新北市板橋區中山路一段158號,02-2952-8827,週一至五11：30～14：00、17：30～22：00週六、日11：30～22：00,8a395b40.jpg
642,PONPIE澎派（板橋店）,新北市板橋區民權路202巷4弄1號,02-2272-2224,週一至日12：00～19：30,e1438464.jpg
643,太和豆漿,新北市板橋區民治街69號,02-2251-3749,週一至日05：30～11：30（不定期公休，詳情請見粉絲專頁）,794a032b.jpg
644,小潘蛋糕坊（板橋中正總店）,新北市板橋區中正路135巷11-1號,02-2969-2803,週一至日08：00～20：00,47dc885b.jpg
645,弘記豆漿,新北市蘆洲區中正路51號,0911-276-241,週二至日05：30～12：30（週一休）,583bb1d7.jpg
646,五號烘培坊,新北市深坑區深坑街46號,02-2662-6958,週一至日11：00～19：00（週二休）,49067295.jpg
647,大胖子豆腐冰淇淋,新北市深坑區深坑街62號,02-2662-1111,週一至五10：00～20：00／週六、日09：00、21:,81494c77.jpg
648,深坑古早厝,新北市深坑區深坑街140號,02-2662-2534,週一至日11：00～20：00,8d2d2221.jpg
649,深坑大樹下,新北市深坑區深坑街163號,02-2662-5688,週一至日10：00～20：00（週三休）,609cc956.jpg
650,大樹下串燒臭豆腐,新北市深坑區深坑街165號前,0933-748-996,週一至日11：00～17：00,233e06de.jpg
651,寶桂的店,新北市深坑區深坑街116號,02-2664-5399,週一至日10：00～19：00,039e2872.jpg
652,世界豆漿大王,新北市永和區永和路二段284號,02-8927-0000,24小時營業,70120d75.jpg
653,咱倆Our Food Cafe Love,新北市貢寮區桂安街5號,02-2499-1365,週二至日11：00～19：00（週一休）,08b05949.jpg
654,花神咖啡私房小廚,新北市平溪區靜安路三段356號,02-2495-8598,週一至日11：00～18：00（不定休，2/15元宵節正常營業）,3448cb26.jpg
655,幸福肥手作點心坊,新北市三重區集美街33巷20號,0966-104-276,週三至日14：00～20：00（週一、二休）,ddb786c1.jpg
656,龍門胡椒餅,新北市三重區龍門路30號,02-2973-2229,週一至六12：30～19 ：00（週日休，售完為止）,4f379984.jpg
657,萬里香手撕包,新北市萬里區瑪鋉路5-1號,02-2492-2229,週一至日06：30～18：00（週二休）,440ad121.jpg
658,朝日夫婦,新北市淡水區中正路233-3號,0903-290-575,週一至日12：00～20：00（售完為止，不定休）,76202ddf.jpg
659,巧晏漁坊,新北市萬里區漁澳62-1號,02-2492-6999,週一至日10：00～20：30,f747b530.jpg
660,香港亨記燒臘店,新北市萬里區瑪鋉路154號,02-2492-8315,週一至五11：00～售完為止（週六、日休）,f8156acf.jpg
661,小瑪克手工披薩,新北市金山區中山路111號,02-2498-5858,週一至日11：00～21：00（週三休）,de356a15.jpg
662,河內越南料理,新北市金山區環金路39號,02-2498-4712,週一至五11：00～15：00、17：00～20：00／週六、日11：00～20：00（週三休）,c9c9dff5.jpg
663,土城芋頭之家,新北市土城區學府路一段262號,02-2260-0740,週一至日09：00～22：00,1f3cb93d.jpg
664,大人的甜點,新北市永和區安樂路62號,02-2944-1228,週一至日12：00～21：00（週二休）,bf1dfa42.jpg
665,The Shack野菇屋Pizza（永華店）,新北市新店區永華街29號,02-8665-8118,週一至日11：00～22：00,c5f656d6.jpg
666,小樂堂,新北市新店區二十張路1巷1弄3號,02-2910-7567,週一至日12：00～18：00（週三休）,210b587a.jpg
667,泰之初Brunch,新北市新店區寶安街22號,,06：30∼14：00／週六、日06：30∼15：00（週一休）,06951c8a.jpg
668,三芝198羊肉,新北市三芝區土地公坑54-11號,02-2636-2183,週一至日11：00～23：00,b05bb944.jpg
669,海洋深呼吸,新北市三芝區土地公坑54-3號,02-8635-1717,週一至五11：00～20：00／週六至日11：00～21：00,50034b59.jpg
670,土地代客料理,新北市萬里區漁澳70號,0981-775-277,週二至五10：00～18：00／週六至日09：00～20：00（週一休）,abf37064.jpg
671,萬里豆漿伯,新北市萬里區瑪鋉路85-2號,02-2492-5509,週一至二、週四至日凌晨05：00～11：00（週三休）,9ba9ef3a.jpg
672,黑皮happy燒烤海鮮料理,新北市三峽區愛國路32-9號,0935-583-020,週一至六07：00～00：00（週日休）,bc609cad.jpg
673,餐包的故事,新北市三峽區愛國路32號（黃昏市場內）,0921-677-356,週一至日12：00∼17：00（不定休，詳情請見粉絲專頁）,8476f3b5.jpg
674,貝里義大利薄餅披薩,新北市樹林區佳園路三段612號,02-8970-3390,至五11：00～14：00、17：30～20：00／週六至日11：00～20：00（週一至二休）,eecb3029.jpg
675,添財號炭烤三明治,新北市三峽區國際二街39號,02-8671-8672,週一、週三至日08：00～13：30（週二休）,89b5ce22.jpg
676,二月牌沙茶爐,新北市新莊區中華路二段103號,02-2997-1316,週二至五17：00～23：00／週六、日12：00～15：00、16：00～00：00,e8d0893b.jpg
677,陳新抄手,新北市板橋區中山路二段161號,02-2952-3729,週一至日11：00～21：00,bc7e30d6.jpg
678,阿牧包子,新北市瑞芳區豎崎路5-1號,0985-402-101,週三至五11：00～19：00／週六、日11：00～20：00（週一、二休）,5ecd4563.jpg
679,無敵家赤肉大腸蚵仔麵線,新北市樹林區鎮前街142號,0965-255-252,週一至六11：00～19：00（週日休）,c64e394d.jpg
680,柏榕美食活海鮮,新北市萬里區港東路151之2號,02-2492-4798,週一至三11：30～17：00／週五至日11：30～19：30（週四休）,e643142d
681,Chicken Bites烤雞咬一口,新北市八里區觀海大道39號1樓,02-2619-3108,週一至五12：00～19：00／週六12：00～20：00／週日12：00～19：30,b81ae3b0.jpg
682,留夏 stay cafe,新北市三芝區北勢子16-1號,02-8635-3038,週二至五12：00～19：00／週六至日11：30～21：00（週一休）,14d4ba2b.jpg
683,樹下Undertree,新北市淡水區北新路182巷20號,02-2629-4166,週一至六19：30～凌晨02：30（週日休）,81738b1b.jpg
684,LA VILLA DANSHUI,新北市淡水區中正路261號,02-2626-8111,週一至日11：00～22：00,e3a772bc.jpg
685,福來海鮮餐廳,新北市淡水區中正路212號,02-2621-1562,11：00～21：00,ea80d72d
686,Kooks異嗑堂（一店）,新北市淡水區仁愛街18巷12號,02-2625-6161,週一至日11：30～21：00,39ad5f0f
687,龍祥鴨莊,新北市新莊區新泰路498號,02-2992-3939,週一至五11：00～14：00、17：00～20：00／週六11：00～14：00（週日休）,670ffd53.jpg
688,金三峽牛角（三峽門市－老街）,新北市三峽區民權街43號,02-3501-2385,週一至五09：00～18：00／週六、日08：00～20：00,f4e62b86.jpg
689,起家厝Khi Ke Tshù CAFÉ,新北市板橋區松江街118號,02-2252-1637,週一至日08：00～21：00,f4c03dab.jpg
690,米詩堤甜點王國（九份老街門市）,新北市瑞芳區基山街29號,02-2496-0706,週一至五09：30～18：00／週六、日09：30～19：30,171f8650.jpg
691,楊家紅豆餅,新北市板橋區文化路二段124巷28號,02-8258-3868,週一至日11：00～19：00（售完為止，不定期公休）,94418526.jpg
692,新店北鴨鴨肉羹,新北市新店區光明街169號,02-2910-4565,週一至日11：00～20：30（週三休）,0ba7f5aa.jpg
693,八條壽司（三峽旗艦店）,新北市三峽介壽路一段198號,02-2673-2388,週一至五17：00～22：00／週六、日11：00～14：00、16：30～22：00,baea8344.jpg
694,懷念泡菜臭豆腐,新北市板橋區文昌街1號,0920-024-997,週一至日11：00～23：00,e38bc3b1.jpg
695,老牌阿給,新北市淡水區真理街6-1號,02-2621-1785,週一至日凌晨05：00～14：00,4d382056.jpg
696,黑殿飯店（創始店）,新北市淡水區中正路一段62巷8號,02-2805-2790,週一至日11：00～20：30,1cda8d08.jpg
697,半坪屋手工糯米腸,新北市淡水區中正路135-1號巷子內（淡水渡船頭）,02-2622-4264,週一至五11：00～19：30／週六、日10：30～20：30,4fca0ca2.jpg
698,雲南口味,新北市中和區華新街48號,02-8943-4119,週五至日07：00～13：00（週一至四休）,dcdd665c.jpg
699,永安蔥油餅,新北市永和區民享街23巷1號（智光黃昏市場內）,0918-786-855,週二至日15：00～20：00（週一休）,f3597e9d.jpg
700,龜叟的什錦麵,新北市永和區保平路215號,0921-356-862,週二至日08：00～14：00（週一休）,1b7c6417.jpg
701,橋壽司,新北市永和區永和路二段278號,02-8925-2223,週一至日11：00～14：00、17：00～21：00,014c8fcb.jpg
702,香港陳記燒臘快餐,新北市永和區保平路32號,02-2921-3803,週一至六11：00～14：00、17：00～20：00（週日休）,1aa59332.jpg
703,海風餐廳,新北市淡水區中正路17號,02-2621-2365,週一至日10：30～20：30（週三休）,223c9be1.jpg
704,萬粒肉圓,新北市三重區長壽街22號,02-2978-0800,週一至日11：00～21：00,99a3511d.jpg
705,老葉牛肉麵創始店,新北市新莊區建國一路14號,02-2908-7278,週一至日11：15～23：00（週二休）,8bc90e0c.jpg
706,林員肉圓（板橋府中總店）,新北市板橋區府中路104號,02-2272-7712,週一至日11：00～20：30,611a27f7.jpg
707,王家肉羹,新北市板橋區宮口街37號,02-2968-7853,週一至日07：00～14：00,eb9251cc.jpg
708,彰鶯肉圓,新北市鶯歌區行政路35號,02-2670-1841,週一至日10：30～19：30（週二休）,ea38314a.jpg
709,福美軒餅舖,新北市三峽區信義街25號,02-2671-1315,週二至日08：30～18：00（週一休）,a190598c.jpg
710,福緣火鍋,新北市金山區環金路466號1樓,02-2498-1301,週一至日11：00～21：30（週二休）,0ecb9f2d.jpg
711,阿珠の店,新北市深坑區深坑街132號,02-2662-1607,週一至日09：00～21：00,45f62903.jpg
712,極黑家阿義腿庫飯,新北市樹林區樹新路34巷8號,02-2683-7728,週一至六16：30～23：30（週日休）,60fc31ed.jpg
713,楊家麵食水餃館,新北市中和區中和路324巷5號,02-2928-7807,週一至日11：00～14：00、17：00～20：30,4022f3c1.jpg
714,肥豬的攤（樂華店）,新北市永和區保平路18巷13號,02-8660-1985,週一至日17：00～凌晨02：00（週三休）,13f64184.jpg
